{"version":339,"hash":{"type":"Buffer","data":"KPIjnWCNxwj32JC79SL9h8lctJl31PT7SQAUN0bcFH7ZHeQgRsDkiT5ESoQhjuBOUIr8UK307fUxvXhgpYypoURzIN8uhovtWzZ5jqE38zcTLHT+hcjBymHJ/cUrVEycp7XfV0Dly62wq5JKHUhAW8GhJGkJsgBvpqqkSqaqE3s="},"indexValueMap":{"Q4ckUriKWJw/AyKk8JViMgpmHFB+jRu04MPjiHbQkPE=":{"valueMac":{"type":"Buffer","data":"IPEHl/JaVl86fFOOdx13fmyfFdBE69K01Eper0hAg84="}},"aOePP12sZmcDe+23sfPFFW6X1wnDTqmfO3jiabiLqEE=":{"valueMac":{"type":"Buffer","data":"NSAbZQizxpYUy2BDtndfV8EspWroawT2FTZOfPDxXds="}},"lXkXFhiPPor2JcoAlwUj2CSUNfQWbEUHSGLwxPKSVBo=":{"valueMac":{"type":"Buffer","data":"t0Nb0PhPlHCjfpkuAM0893QgiVmrj/dJNNHLqlp5H5s="}},"ujkFlnJD+xldUVx2FIip04/Zk4rXvtbAhl/2wJ7Oc1I=":{"valueMac":{"type":"Buffer","data":"ACtpedcD+lMiFnBxrKV8EqFTG/zotUxqvjpv4oJpDqo="}},"vuAshiYRlStX8HDGoPSzvNlDHPJIoR25BH13GWWNDpA=":{"valueMac":{"type":"Buffer","data":"1KHgcC/7HDYiv61d4gtjhVaYYAgDi3QBRAT30DMMf8g="}},"wQfNTdZ2TsfyhmN6QRcIx1/Ob2oYcVOypE1HgzOk05w=":{"valueMac":{"type":"Buffer","data":"Gw26APq8+EhAoZcRs/nvIf/jQ6lg1Y2MFap8X6higpU="}},"8FCF23m72tCs5Rfln/o7t46CtvEe8nWM+WhMicfQDNU=":{"valueMac":{"type":"Buffer","data":"tLydVlE5wsSy3qESDpvwaQ4w0UQyGzswmLhEElP+ba8="}},"fucwRJOolffdcfPoNSV7Ea9s51z3y8euphwi74cNO9g=":{"valueMac":{"type":"Buffer","data":"jwzfW7PjXzSM10rlp+SIOaqrb2QkZgHb1mr5XzcZkxA="}},"Ut0J3smaPzYaRfQlUTHoyNwcH1Zfw5qUxjkxXiRMF7g=":{"valueMac":{"type":"Buffer","data":"30Y+Y1bb/iwtR8dkTo5H+XiUG9Kn4rMBMEokC3NCqRs="}},"jN6wQrkrb0wjgvdC3gy+p6gR9zGwcRvetnjYp4I+pok=":{"valueMac":{"type":"Buffer","data":"5ldVwTdjDpGLQb+IcTGLvBHJroLV29Xq/Vkdr2kUw08="}},"/phGK2IQp5acbGgo+RicgX4ixEm+jgAKgHfCJntXr+g=":{"valueMac":{"type":"Buffer","data":"CdPMQ7BLGvnj9sd0ls2VKV38NbZDg5rGsSmHiN+Heq4="}},"agihfSa5gMi7C1OtozSiFuTpL9snuQ2vMhEnrQ4UhT4=":{"valueMac":{"type":"Buffer","data":"ca3OrqFz7Yaw9ezoVs7uurjQZph2STO4XHzxH0gaik8="}},"1pJmtcHKTOEdO7ni8b5Jwbgz5e6cutf4GK26QgDGatE=":{"valueMac":{"type":"Buffer","data":"Yci8bucgfU0SggudfgoRP+w9pdi2vrdMzXc5HbZjFC0="}},"7xurSQJUFUK5ypvtUNBMmFEYG+hKA6M1pOxRz+8BoQk=":{"valueMac":{"type":"Buffer","data":"mdP4+C3xwXfa5V8eTBqfJyFtvBhJmJ9d1KK/kbNOen4="}},"/j+MKRXiHgg+b4TNee1GdUpqWtM9p5oHamp+Eg2ZLr4=":{"valueMac":{"type":"Buffer","data":"7yZhjmdRgKqAgE7P6T9cykhFxY1PiBotDuKtPc2PUxI="}},"argYeWgyOc0Oivut4GZrP8wUzEex7Myu6YvbxufpQ+k=":{"valueMac":{"type":"Buffer","data":"CTeuYoZwP/YMWU+An4L+ATIYbZ1BcdVuZaDukdaCRTM="}},"lc3jQMfTgKcV/4X8qU/phd26k0m5ybbMrjbRVPeRRs4=":{"valueMac":{"type":"Buffer","data":"Ny9RxjAcSwqqIoVlrpzS3z58BRMxBV3rMrPJgzppIw8="}},"reSO4oMKb+u8HoOCoGS6piGHuTXvTBZ6ZPCO/wovyow=":{"valueMac":{"type":"Buffer","data":"6NWPrWeSL87/wxkzl5M4zEaLYtqlp2N/o6u0eiY5w7M="}},"VVNQDqWMLw4bkOaiVMAd4uZ9ocUtuvSMasDUKKMliqE=":{"valueMac":{"type":"Buffer","data":"2NCEC0KLz5BW6iIKXX8v7HQ2Z2BTL0PoIzoWxmoNglA="}},"s55X+e1cJiiZJ0KL2j2mlsN/554H5IuyQOS3zMaWCuk=":{"valueMac":{"type":"Buffer","data":"9PmaKaH71S2rURaZ1B3DjTLamFV1HL5yNWkF81jj92s="}},"x1Lq4UTOmJStRpHOyNUKJvtJnz6fynNFDyuCpy0OIKY=":{"valueMac":{"type":"Buffer","data":"VS/gYkHhqiLOccaYPRMZNlFM0XPMkg1zAo5VWN2GlGI="}},"uvWAcOVENQuTC1GnX2bs480tfNNZoiBsEJ9J8aQJW1g=":{"valueMac":{"type":"Buffer","data":"XgbaZ6ZrTOno3LfV78SUAdKFdf1i+fjiL254lstVHas="}},"wxm2/vNd8BS0S/o7EEnDZYRp1Vwj7MOzhNA3bXBHPIA=":{"valueMac":{"type":"Buffer","data":"eQBCAFm+xmbVQcxN7B0U2qTLyQFuPfWcUhG3sk8BAYg="}},"NJNFiq3SrQRkFVtZDPzmpPXnRb05OyrVIZxYHfAJ6ig=":{"valueMac":{"type":"Buffer","data":"2HCq0PPgsjqd6PLO5G+ywcSdqQ8av8HaobeW0vwMujA="}},"vvk7QQOq0umFkCrb9mo6R7TRqwagxPQL2o2msAUZxc4=":{"valueMac":{"type":"Buffer","data":"E7EOLZKPtVlIo2eoRq4fmm6vHC/IjS9GTj11grHgJ9I="}},"EbUxql9eyoDedisTFn8wGjqnhkm+SkDK+67GlwwPUVY=":{"valueMac":{"type":"Buffer","data":"lXknBM4uWnwIaxhpXUQNtpCm5Fu4AnZ0bvV6t23qRlI="}},"OGvuGzpLdoHAB79YqW751QyUvFxvV9I9l3+QI6ykbKQ=":{"valueMac":{"type":"Buffer","data":"CCAaZcj22+M1FEApWmw11JCQhD2uBu60rsIuFztqYZQ="}},"alHD+lfboZ+EDvhc+AQ40kE8EIUgziweqXYFwwOen2Y=":{"valueMac":{"type":"Buffer","data":"Rh2aeULAN9WIUm62hAR4/He1coL6m63YaPywXhtXBTs="}},"8a0YRBOgm74apOensAeqPwGiswOmKQTqpoRsDxMHaUc=":{"valueMac":{"type":"Buffer","data":"6BPYZOqpQWnGS08KGhiaOCNPq3S6DQmvzaL5kfhg09w="}},"eYcV6W4FrjPFjVjWknpGUpMGKZ1P/iERYht7PTsyDkE=":{"valueMac":{"type":"Buffer","data":"gtXce7RgZm1QuMTrjcOwst4MHucFAqsJcyA+50tnRzs="}},"g8rbndyBwWb6lKh4nDg1u6YVexsQBu/2ZBBv1cGcQVg=":{"valueMac":{"type":"Buffer","data":"+YbaC7eTBXeowkMOgJRXE3LJ70/CWCPCe93Mb3Jr+EE="}},"VcnOjK1XI9wFJY9PBSD8fIG/o38E6kywksv/t5yYdZk=":{"valueMac":{"type":"Buffer","data":"QFVDeS0M0sBcXOaZo3/W/DD1RHU0UV9jE9a8tE5eCFA="}},"g1rGS77ewEwrQMYQMvDGfyrllNAbben+5Zk2ufBDqGQ=":{"valueMac":{"type":"Buffer","data":"a1+GMXVqflT5dZQveRTP/HvHSLlzpxZ6+i+nGlQ2IaM="}},"P9dn/8CdeJMx9LDtkUqSykmQarmYEJIzxiTLfslhE6c=":{"valueMac":{"type":"Buffer","data":"sY0u595JOX5/sl+PFZgZkJq2YavwZ+hbPRGawvYcNSY="}},"AHXX77tx1D9bP0skIOImCg1/eiR8p7QyG6P7lpjBS+A=":{"valueMac":{"type":"Buffer","data":"g9T2lFBZ3iw+UA2wTf/BIRvQQgQ0EeG4wSCWKKBjmbE="}},"awxZjdbuiDyejcc+WaJhtyl3exHQi9frO5kEjGQXxvM=":{"valueMac":{"type":"Buffer","data":"RRuYOHye9nIuOYTFQCbx0UwMwMSYspleaNubOsZ9iHM="}},"UT1Qcx+/CTnpJJRNvxR3+1nAQlqFfQUX0xylOuBBQWc=":{"valueMac":{"type":"Buffer","data":"aDkow3Mj5Cv3gLUfGiUSn+/COL0b3ILGRfSMgt3H6AI="}},"OWrgSpbS5mJzMzREh/EgmnN22pzNO/g/R6YIYOkifF8=":{"valueMac":{"type":"Buffer","data":"AlNAVaTLcEC/3zQpJwoYlzdA4kqzRth21SxTEyj4CC8="}},"Dxl/8/PbL5MqtjYfBWPk5dZnKDdyVd80rwtSnLBI3tk=":{"valueMac":{"type":"Buffer","data":"l4Tla7rIqRjPb/lMNMyOmcugVo1CirBNhsVcnCXts3Y="}},"ErpsjRKs8YvpQtz1QoeGf6neiLdMXzOaPsA6f9vdYgA=":{"valueMac":{"type":"Buffer","data":"OYnLFN63PDrtSzGPgYCxswKcIuCcX6TmpbGL1uqbTFg="}},"y+X9elN5o489uEj3CFDg8qsM2h2H1nhG2Vqa07YSbZQ=":{"valueMac":{"type":"Buffer","data":"jy5LpbNWnmc4tQJoguafEjhsGrh2L1L7ihV98vGh8lo="}},"dLsPx3ekcAgx/80DJVdgOklwtlyDnvQvxaOvq+2yQOc=":{"valueMac":{"type":"Buffer","data":"jd9ahqlBHaAnKQRXxgdJG7rmGv3xjhsr5oLzBJ3/Cec="}},"5RCsBSaPUobjoTWZOr1ZCPvr4rLl6qD1J6yIaoLevQs=":{"valueMac":{"type":"Buffer","data":"rKvAhjvmvBvjNxDSFFMNw9JOM2uJvvxFdojXm+E9lkA="}},"OHZPRdr49YdCfeOUotsgO7emQvThi+E2Hp0kqwfLz4c=":{"valueMac":{"type":"Buffer","data":"44xLNaQS+fwMTos/+79rePrycn3rQv2EgDajVgMg0PQ="}},"02afMiwBJnDgHYvondAQ+rWAb0/vBncWwiCu83yEpTU=":{"valueMac":{"type":"Buffer","data":"qB8qib3QdilFKDnwmuPT+AjwNFaUN9USMI7ShylVT/g="}},"F8DG4vgMM+V4fAg+wdS/28weUgOlTfcjTumb37/VHUo=":{"valueMac":{"type":"Buffer","data":"qEsStoB7PeZLEHqmto8FiMOUXDeglHDx09DrPvSkccY="}},"Sx0URYoBltaz090ZuK+Cjb24tRy0Yw4ESU7k8MYF9R4=":{"valueMac":{"type":"Buffer","data":"jg+6nHBLDgdD2qcdvaAvgLsXZ14Stg1zoBGb/sBasQI="}},"o8OGxCmrR1lGacaq5eSISKrcUikQxldmNQ7H0XBl1zI=":{"valueMac":{"type":"Buffer","data":"xaQHQEX1bQbd2lksC37MEZC6WH5KscV4ZKrRBz+xUk4="}},"P43H+p7Rdl+4vBDnYGnoLFxh1H5cJJwR8moyTcjRlog=":{"valueMac":{"type":"Buffer","data":"I8lXWvE8cqZt+z8rrQB9KgAu+vh3kgPkVr4953EW3Is="}},"oloYiAbjKJVrA2WF0VUpm4IoRF7lfGwmIZm5FG5zhcE=":{"valueMac":{"type":"Buffer","data":"+gQiMJ8NxLmPJ5uPnTAfADWLBfgtbifIpmJyjHCay44="}},"5t9UKPqU4DzgHTPM5ZxZhauiz8KCF0cmTVbZMoev+Cg=":{"valueMac":{"type":"Buffer","data":"NOo9ayXIQLCiMQoj4l1zBfs+L+4qMz20zgjLG59OoVM="}},"lN0IinPc/qo1kECoOldkk2XvAL+g6hcFOZ5vqQxaaes=":{"valueMac":{"type":"Buffer","data":"uYpi7VxzsS6sscdDZ+gQBcuN+7U81oWGur9MRChfwbg="}},"+6u8CsAzFj8DYoJNEjm+CuGYaHSVLo/9OncpvhiYMXc=":{"valueMac":{"type":"Buffer","data":"zQs9ZkMqm5iSvUGTLIDC+n9Mvv2pugX7OEWENwoAECE="}},"gx343f71HlzpV9bckJZ6lC6itcL4DivWbY9B+ulelxM=":{"valueMac":{"type":"Buffer","data":"zJEhaQ1NtjEigVqTA0M1kTpVcB+ew5D2ABPt3eszo/8="}},"iB6Y7xXWkSpSutCb0d8svYaHz53LDYdLa+UyiEEFNoc=":{"valueMac":{"type":"Buffer","data":"1ASUBy9g1Q2xPDwndXpg2gmaSf1lgYUUrBt1VV/jDbU="}},"2m6JMFcs+fgHVAbOhw5ls4cEX5GuwxLcT8UzTtavaHk=":{"valueMac":{"type":"Buffer","data":"896XIiApaH8aRoYuPJ4XQydbM3gk1wFECLnjotvp1Ck="}},"9g34qFgyYFNsKfHD4yQAtFuExhSvhbLkzXAKUrq7jK8=":{"valueMac":{"type":"Buffer","data":"r9aYT5eIvbbTpnG9fTX7xM1UnzeEZt4qwmpmeS3p3TY="}},"2qxKWCK7DTrPRHrfobz8Rg/zwmQ3ngZvyem7DoDnzMc=":{"valueMac":{"type":"Buffer","data":"Ao7FGymOCYCxIlxXkr/n/N6Mdgy0TsgszmJBpKlTmFA="}},"2DIJNwvt1FOasPxrzLxU8wcuxU5Hz20//Hkz96LxFos=":{"valueMac":{"type":"Buffer","data":"NNsYIdc6vuEKSLl47VtU1CEcrY+W/NQfTJN0pn1tgPU="}},"DbX8krYJkY+vBZ5BYb4Vyj2dkNL/HnB39EbZtm5taqg=":{"valueMac":{"type":"Buffer","data":"CuC3IyhfrYWxBrq6gfERZlh1DkCHa3JxPqUZKvHpFWY="}},"+aWFTKZoFi786PkQG3H5yZAO/LGBwWh/3mZjVIE5e+Q=":{"valueMac":{"type":"Buffer","data":"wm3KO/2b4I7i7/g4IYvCgZXBQ1b4Sdp7Wuu2sw8xMgY="}},"0wWPb+eMS4KCkheueG2/ikw1mQYIGN8p9T57YuxZLAg=":{"valueMac":{"type":"Buffer","data":"DnWXNlM3KLUIBu60PtNXij/r2bDkaSIksK9+4elKlTM="}},"Jc+sPVPN/OIfLOwfLnjmkG1/vtr6vLBnqDflBeRSuXk=":{"valueMac":{"type":"Buffer","data":"2WWrA5Y5az/U1YX8o2pdqTXwQluhyHZTmkum1BtOIUY="}},"4A+y+SY0Ri3eR8N6Rck+y9IcxbaYyy5uRAtYA291gdg=":{"valueMac":{"type":"Buffer","data":"vxYm9tddZyDHQWVcnu9iGg5LmuUay4rwRDVNCUQx+NE="}},"IYdtgCYh3lpSVI4lBLLlb4mC/KSbVowqCR6y5fQmgiE=":{"valueMac":{"type":"Buffer","data":"ddgWoLxd6LN+2MNilIiPZnSY1jDyZA8Ht5Voe9aDr18="}},"4ZJ28nfpecxEnOzgz6GG+YNwz3+V4UcfI82hVrSdHBU=":{"valueMac":{"type":"Buffer","data":"YRbVoYNz0z1kNA6OrjVupr6XJWTRDhs/GlpSV8VR910="}},"EcAdlJAL3JsPfG2MSWj8k4Q0vncjSXbP2L7BYKHKzXw=":{"valueMac":{"type":"Buffer","data":"58GUAPC87C1Q4Q0+WeCCH5rpj060yy87qHz68EIvJU8="}},"jTrWN051MTiTFCc3HMFP+dxCDK5Z3jRQETcfnI+5W4M=":{"valueMac":{"type":"Buffer","data":"s6qO93/IE55OHiX1XJiUnqoDv/rqEevJq3VgBY6t1Og="}},"DWGKIpjDSYL+Ssu9R6cPDedohHk12BGesz9hdLV51a0=":{"valueMac":{"type":"Buffer","data":"MdhCfdYqD5VzRvB6kUTVdf9HydA+3u92RnlWtL29iMI="}},"ep7/U5iTxuS5FwH7qtnjZGu5ho8O6vb4ySO5HRVApY4=":{"valueMac":{"type":"Buffer","data":"yjoBYArmd5n8GQD19ngZx7vJzvN7sZXmPcBU97ZE1Lo="}},"yoGr4OHXZvphiP8YFs2+APGYXacvXaVo1RmxI74RwLo=":{"valueMac":{"type":"Buffer","data":"FCiVtxlsvUaCZW+2LYxoYtFeyqdnTnermIH3+yWpJI4="}},"GR/DI9j3VSndmRTBoxhq3Sj4HfaBCPSbt3Tt7ea10Gs=":{"valueMac":{"type":"Buffer","data":"fsjiA0xEng30B3XNW7CbgzoHD+hLHpHSsBrZVDYkDtk="}},"OOs7cuVVfe/rDta4HC4AGS4Ddu98pqpvp9fn0y9N2MM=":{"valueMac":{"type":"Buffer","data":"a2RQ9XUX6Yy2dVQwnxbNxr5SHPFCSW7UVTOvnoVisi0="}},"wxa2ZpYgqONgyKMqaU+PZUoQze0AeHq3gHPsPjrSmhY=":{"valueMac":{"type":"Buffer","data":"GA1BuGC2MYfN1Obcsa4ut6DFJwePwlci2WYpgANdP6g="}},"zAj0ArMuO/fOqxOLFtviOMZjh42yUTpxEs2Q5L7Ijkg=":{"valueMac":{"type":"Buffer","data":"Ln9fZ6NQ0nYGIm0WcjWEzVh03uuuhYPmfIiA1l9rO1c="}},"K9glsW6sR6oKouXtTk5NoPSDml8FQn9rFq8GVDxGeEw=":{"valueMac":{"type":"Buffer","data":"nvKvP96uHc2pfTHBZzEesCy/fMcdB34yrKwA0H0ngL0="}},"3sMAFl0zO77r9bFAqQSCV3bqAGc1ZOhKrHdfR+8LuhU=":{"valueMac":{"type":"Buffer","data":"8qgAyuc2xTBk92h5MOOlYhxS34kooPmjA1O5m78un4w="}},"wuOAJHUHAymn8HxkjN4utXZJqjqJdekQpYluOpaE9IU=":{"valueMac":{"type":"Buffer","data":"hqmRwNsMk+H9tp8aJskxHKFqNHQAWrZc1cohvn8opNg="}},"sy6qO5lPXRojrsijOszyeT4wbD0sJRQkcjGyUJsysNw=":{"valueMac":{"type":"Buffer","data":"baOhlst0GxbgJKdcJq9AtTjtc4qZCx1SF1VQ4YQ1hGY="}},"Is2cZuuplTMW5PyZ/vJnofWFYs4IBzMmNORD1Lmq7cg=":{"valueMac":{"type":"Buffer","data":"nHx9A+0jmoUWQaOw9tSh4NlS2H52vjGvt3mUr6xaxXQ="}},"2XHPJ5UmDwqExjnNzDQGEAa14YVFGUTQro2OwHGQti4=":{"valueMac":{"type":"Buffer","data":"XxMkjywVlsZAYzwGbu51vV6uZTwIMDPIfJ8tV1qcZUY="}},"dz5f4Dh4sdwnnN+0yxSwtRPUq/l5aSFR46Nvol6N9e0=":{"valueMac":{"type":"Buffer","data":"GaQ2GJMNowgMnKtkumt64Lm3XDKMhl4KTgw+AEbTOJI="}},"+hJ8mEnDdDeNwXM5HK8UsRRgtXk3MKlXM3clPD4H6qE=":{"valueMac":{"type":"Buffer","data":"OWuIXYrsa+Jk975xbog2AxFDdnnSQioHY6ubPEedjY8="}},"4Nym0fz3AFhBjhr8QPDH2xqxvYREfH9oe2Xbxo5Nu/U=":{"valueMac":{"type":"Buffer","data":"nttywyt8KA1imCPc9jBVef6DS5z+zQicyMEAJSS0FGk="}},"rQqh4fLPncerwkpMLThNdcFOjxvITj9BXS7NMu3h560=":{"valueMac":{"type":"Buffer","data":"DidKBXUA7/Ya+G72gV3bnP8Jl6r6Q1tXCDddfF5ExM4="}}}}