{"version":22,"hash":{"type":"Buffer","data":"t7guQDj+7OtV4egU5/aerQjB+T+d+Odu66HIWm1IbiYkf3ORpT17euk83ivHUQzcSKKR6dAIARKjr8r4B3J1AzRYNtlg1WpTPF+q0fMXUzn1I3nm2LtcXnO65Ep1MMN/VRaoMtQmCLiZ21N9fqshtJ7Al9vVorwnJnudAmLIw2A="},"indexValueMap":{"5ifMl7CWNooei/HywRE3yzqSQqFaevm/KA+zUmEWwJY=":{"valueMac":{"type":"Buffer","data":"Qj9XWNY7Uaig2xMTMYQgOxoTeLwHtltMn0vg6lX2WeY="}},"FZ+HRO2Wb3vVsg7VW9b0TzxPacEPJ0wE1YTFggvlfj8=":{"valueMac":{"type":"Buffer","data":"ytHE2YQFvDODArRqHpCG2fLh/SR1EH7AbY0orvwjHNQ="}},"B280JpqgZff1UZ0NDXmR+BLgb0vSC6qcYJjLwMPLi60=":{"valueMac":{"type":"Buffer","data":"Hxgpvv/HZxz8IpqBrvwfk/iep3IB2BL15mLGgawOHZc="}}}}