{"version":275,"hash":{"type":"Buffer","data":"lsMm81jjzgjcSXIGj2B/J9auz2ziPlX74zfcOCMsvz1MqqLRiPtip0RtZ9l8IovgxGHPbc5jsSQlWHLU8zy4o1TUP9CRE3Zk8ceH1mI7uvMMBFBZ9Xewxtmm/o9noo9+RgerPA6N5tgRT4pfZc24pzL00CtyejURXKNCzktIDtY="},"indexValueMap":{"ABVuye0P+M4bMaF1fPLsl9uTnCPEv7UnjVFKkCEvk+U=":{"valueMac":{"type":"Buffer","data":"xqmnxLYNKQV2A96xWEFeB55k3k74easYjLHNIIuoFos="}},"AChjulKmq020i7DSeSP7Kiy85+99tUxzSNH0L0fyUOs=":{"valueMac":{"type":"Buffer","data":"Qb1dHuKFoNAbuxeijiSXtVSdEQB12IqRC+qSu5PlXnw="}},"AJUZVEl1pnb4sNYc5lmNl+TZPCg9yyoXDxndJVlhHK8=":{"valueMac":{"type":"Buffer","data":"6mwXQsHp0G6HL/KN3MYxJb11f5EYKY6yg5J1K2MJO6g="}},"BU8/zcOzs+tR33wJwtMiNIYaEwNxPq+M/EBZJ9iWxcA=":{"valueMac":{"type":"Buffer","data":"3zPmP+ayiP4DG6veRB3E7cXNs/ZxcmchN2GxKeZaOzA="}},"ChIn/n2WgC1SSKwfpYKn+ut1bP7XpiE5prAj5yFLK7s=":{"valueMac":{"type":"Buffer","data":"lSKrfQzOTCWDjOaGz2wXXhozU4/5pVuScm0FQJXgOiY="}},"CmaEYIgGM05W/Yp24kDJLmCe3sMx/P9oiQ7yD3CKiEk=":{"valueMac":{"type":"Buffer","data":"OrgnJAjaItZKYcvWXY1XNbOnl/66hK2olEdFFRt0tl0="}},"Cs8EYi6vsM6jtaX3919/HrQWv+s3IxxQuK4jDP42Q7A=":{"valueMac":{"type":"Buffer","data":"TMJv3RYrdVsoHVRRt4qndkOJS4BlBDOFVMUbBAIkFFE="}},"CuMb23lX0PJgWFgTtKvn4g4oZ6N4rKBtRg9BIwsMzvE=":{"valueMac":{"type":"Buffer","data":"77KxhCuAe0G1w6CzaE/RtIYg9zgSmKmA1ALBID7V/Ls="}},"DXFPX83C1KoHNy6BEUFdHTNYYj5431HgPJwhA8sLmJU=":{"valueMac":{"type":"Buffer","data":"KvlBAMJpSmP8n50432zzUpP8QiK2FGwuoFlNo32EvOE="}},"DdWc11HdDCx6PVoPA/r5ENtof6XxiFNBHvv13DuT6Uc=":{"valueMac":{"type":"Buffer","data":"URbEmP1RR1kU48FZ+RmFvwcVT+YEsPG/jYGHc2gquh4="}},"DhMRFtQOpPRmwy8iJiIjOJYK3a8XipNl4CrWjaN2RbY=":{"valueMac":{"type":"Buffer","data":"qegmF6kkyroL+l1pgWbHOjvljHpgxmahJt8CD9YpmVY="}},"DleaYkqkSmq2gQ3iQ2UQ3aXioZCWXX2NkBGWfB9Fp90=":{"valueMac":{"type":"Buffer","data":"k7AbpMx9xaFj29SbJOKBXjsP+3Hz4jJT4cjQczrazrU="}},"DpH+xWUMRLP4GfEhDpauoLzgTpjPnWvYNDRlBMyaDSI=":{"valueMac":{"type":"Buffer","data":"O23CT0RxBf8wqxr/xTQgwUV+YiKQzTRWmjyCe79+fqs="}},"DptSmZFATRRyCHq4tx//6AcDW+RymzVD3aUrdcCaTBw=":{"valueMac":{"type":"Buffer","data":"6xr1hb9N7xMYSb9h0wqEXmbFq8YM+rU3sxbXgid/s1o="}},"D7jVqWrXHWuJYb/eX7XuR/A+O98VZFhU0auwbAjgkBo=":{"valueMac":{"type":"Buffer","data":"Dfb97LkX4yTZ78cYCcipLvsu2aZ1qiedqN/3hyhp/JE="}},"EIZYxKa2l1joQJuk5wIh42kXw+e0msmCwJBGVQG6oDo=":{"valueMac":{"type":"Buffer","data":"O3iGRWnzh+fAIcrJsOfCOaJ/8lDdsw0tW9L+ScKg/lc="}},"EjBKXUyiTFRfYOjPeDuY5brIw+nisvFnubd+ecvw9pY=":{"valueMac":{"type":"Buffer","data":"OZPtG6KrdAL2I762KtT8hw2bVeONwwnD+hjpx79Qh0E="}},"E7BLguMjltyEJzsX2k+HUSr6N/L+tzsibjxU8Mxtvok=":{"valueMac":{"type":"Buffer","data":"p33GRWJEpc9YJgwqkEYCp/tpSj3q0ImQAiHZlt89pLs="}},"FC1ii8MwQ0Jw1I0sXnA0IymrWcaBSGI9/c9AzC/2i/w=":{"valueMac":{"type":"Buffer","data":"dFXDBNG14aWZc8haNu3DsZBqkkKUY6Zi5Hpmo3nYjuU="}},"FfR4j63jC1POcIlLpxcKsbuj+UUY7lHsa9JB+dnstgE=":{"valueMac":{"type":"Buffer","data":"j6SwKbSc5uX4OvzFx5n0RfK9DWD+vOSthPbMz4fBhOQ="}},"F8t/G2xeXSc9C/yvu/9jUiegHdclIvUlp6Oag/ksCmk=":{"valueMac":{"type":"Buffer","data":"zlH4B9398kpl1eHXW2dd9r2z6RPvXLn1op8GXCX5x9A="}},"GGdV2EWBAF6vYcWDNcvWN/6uJXtFFiC+lMNrpZANptc=":{"valueMac":{"type":"Buffer","data":"0nHyxJHk5X/t5exST2oYNndO91hVqnHsVJTMIBkY3co="}},"GeSg4Z9McTbAwku5MlIByV4cQkmmakHwsajkAOq5iBc=":{"valueMac":{"type":"Buffer","data":"BeYqkvXI+c7lwey0JR5N57s5+iHG5CqbG0jl8FH9s6I="}},"Gp5Zl6t4EG/7loggFaZD/wr7lKYi8GbiLwq5lIjm+Lc=":{"valueMac":{"type":"Buffer","data":"G2EC3e93agjeLYMeKv3BVrtEjpFjwO1ybZHoj4Gti54="}},"G1mrwUPXjFcESCsPng8Vo6w7lSkgouT6aUigbLqsqTw=":{"valueMac":{"type":"Buffer","data":"p0FDB8diJ9mb5d/lxe6dNnb1cd77uLNBUs6yRzvkNq0="}},"G2Ovv7KjN1eJ/7E0/gjH53b0VAfy78ku+KWyCAAIhUs=":{"valueMac":{"type":"Buffer","data":"k+HIsoJcG1lT6WS1fN4nL/2tn/3alQXWsFBVIeVMnG0="}},"HDmKn7AZOAeqM9LNxx9UItyd5v6kaBhim45Mnr8lTeA=":{"valueMac":{"type":"Buffer","data":"Xx73uMCSC/oQTDJR9VNYm41rjNs2KBWzuZ1RkmpWE7c="}},"HPU2OEmpSIrCrUEatV8BnT1Iddy09bzOb44knphJN0g=":{"valueMac":{"type":"Buffer","data":"rptqo5J0VyyKpxM0glu7EDLnsP7gRPfsP3TmogDKt+A="}},"Hc+xkDveyUCgL3Y+YAffQMOB6vbBNmnsh9OGLxwQoKA=":{"valueMac":{"type":"Buffer","data":"7iARlUmdfWAq2+YOvRBhpOBN4ekxSyARb3yOlyzYcn0="}},"HySQdz1tCGNYCS8R3pE9xiix4KgRkCnjuOIrIFRSEYw=":{"valueMac":{"type":"Buffer","data":"VGp0Op8JPprZ+1BBKgm5T5nYeofXEWh94zxuSJMztvw="}},"IHDrYT4RS20dwr3EZAp+WK8Xe6ElxyFo1+kDMZ/S+sk=":{"valueMac":{"type":"Buffer","data":"xMOCUV588yY6TS1WqbC0sST95kqFR18bbRCL4Xmk/6w="}},"IHuQsL6vc6ZdHH+7lg1axoDvZ1piaXm2+6MmwKLmGAE=":{"valueMac":{"type":"Buffer","data":"NaONzCjAh3nR6Zs/Jer+GuKaNPZiG3CyOuSxjsHfzbU="}},"JRoC0z2SBobMmlFFOvSNetZeZ+z5N0XstDahuiLAX8U=":{"valueMac":{"type":"Buffer","data":"D2Rh54/oF6R/SSa9MwJ/GOgs4oNGsvURGaEjPidPeag="}},"KO0XXiJMS6/DPm1X0ch2kVj3u3KSw7seq87kqH1LSOE=":{"valueMac":{"type":"Buffer","data":"1I8qVq4TwbG85xt0jIJQkJXKML4y8khoOh2AGJuKehE="}},"KlM/YcAWm7KB/pAEIBnkiEjZfDlcxgzX99BGC2YPonI=":{"valueMac":{"type":"Buffer","data":"EjRwPaNMufIj0xRKsqRYbaEi5ewnyUADoh0ZZAaaJt4="}},"KvpoclkHZv67DxT4PuC89kU5Qjkf/Dl2vTSUaBMuti0=":{"valueMac":{"type":"Buffer","data":"z79pGS6dfJsRq6gxkxkSPaB++uNZEwSwUN4Bhp4vh0o="}},"KwW9BEv6LRfUDdNgI4Zor8aL6BX53ReEayVgZ0KwRdM=":{"valueMac":{"type":"Buffer","data":"AcTcftKVfEdjEZXRaKwiiLmdzboA/sE1rT1om+qjqTQ="}},"K3PGA1ACdb7tZWwHM9OQYMAtWKmYNs9EHB1psH1isuQ=":{"valueMac":{"type":"Buffer","data":"zXNkDZHKinhEV82YnZOg2zcz0T6rniuM2pkxrxsKTdA="}},"K4zQLUYaWkMYhntfMsdwAcBd9CE/zhHF4stNM1uaMpk=":{"valueMac":{"type":"Buffer","data":"HF62njIDMNmV0ovHhkeeQAbqMAK2Wjk9NbO6H1gOLTg="}},"LsYY5XozN1i8ieN3MGF/vuXpjVJJpuQ6BRIepU4IUKc=":{"valueMac":{"type":"Buffer","data":"IoxJyjbmGcDLTqxyyyJsBXbBtTMNLlY1f5eaDqv/8/E="}},"MXjzdLyKMsdH39mpWmnYGAv1OFHCoOZ04SZ3rm4ZqaQ=":{"valueMac":{"type":"Buffer","data":"zKbwGAYt4tlLYnR3zR8GHzHaxXAK3TWI4qjHR8kh4vU="}},"NHGsF9Zims9mmQd5e/+hfmmmAe/1x/FG/pgqS2bIQx4=":{"valueMac":{"type":"Buffer","data":"YOxIgNcIZKtQ6kkFKbgyAWAxeJpKCNUHWLZRekRhi2s="}},"NJ1wlzGtSgA8o13letuWILjDq1wsgraxrkLJ2aoxVhI=":{"valueMac":{"type":"Buffer","data":"B9KvLdjzM2yBRQuZtT6qfzTGFQo2eu/dEfcjeDB0zhI="}},"NRvaelU9DKqiFue5qOAJFz4yEVBrTeRYHvkG5Y7NQOU=":{"valueMac":{"type":"Buffer","data":"5bTjwRO+GlL5E9tWOGD0d8cZJSJsIgUsfG+Z/pwnNSY="}},"N2Eyuq274qdbbk7VskO80DENiCDF2vNtgImU9DUgPoc=":{"valueMac":{"type":"Buffer","data":"4nkljBNDpvfpC15Q84J1agmjxuowlcNhFYCGQZ3Ki94="}},"OArEMNYb8yZsUPKRh/9e7p3eUXjsl/zesPeoq1FJw28=":{"valueMac":{"type":"Buffer","data":"leaB4XXZV9jfoBlUrXFGUYmFbjvUEIhtnOkYnWOVgs0="}},"OPKRqS+/viPqmdjtb2qS2gf5/CA0SkqfrGyUHJNe1mY=":{"valueMac":{"type":"Buffer","data":"iGDhds+W7Sp9/VGz+INdwfyQucpDnVlA7bZ9HWm65yM="}},"OWeLV8K3u/N2o9BInvaTshMkkHsl6MHLIW9r8x+MWVs=":{"valueMac":{"type":"Buffer","data":"EVojSiol+EEHDZgNPqQ6c6pXQCSVXdOR97Df/i7O6Kk="}},"O3S3xyI4rJzN+qerkdey3l9NRRBsfi8RLEVXdDkV+Sk=":{"valueMac":{"type":"Buffer","data":"O4WCSnyOVt9WmU1Z+J4M4TuwSSqOdg99Uzz2B1V2CYc="}},"PGx+hy7Zk/DpODwpRjQptq24B0EK1Ajy5SEI0Mg8UOw=":{"valueMac":{"type":"Buffer","data":"9PtvxGQI6OAZZ989KLQDzvEqHgWTJqYFUSX6pJj0lWM="}},"PNRmQEOWX7Xx0n7xJql11beTO/C+GH5amf+eFfL9FHI=":{"valueMac":{"type":"Buffer","data":"weWJsKVhAG3CQffaPLigTQObZ1FUbfQI8kFyvOs/EoI="}},"PSgE/B/b7fgzjJXGqReyHSmttYYDg+zAK1I9IAD9Snw=":{"valueMac":{"type":"Buffer","data":"1nyymXnpY4BvTKb245lkE7s7B56Cc/q93l0OaV1cMTA="}},"PdcILrgsll+SPkXJYaLoAIv9ZDNSYp9sDQ2EcVxNe2A=":{"valueMac":{"type":"Buffer","data":"2sDnIy2WR8yTeC3/OE3fpLj897DvL0gHfwA8ciOW25U="}},"PiwRpwX0Xu7Pa4lWTFyVkYGt+C6zqd+tiiekgxs45CE=":{"valueMac":{"type":"Buffer","data":"tvjpM0+cSJ34mRtzMyTkCjsDpWVHd7twFtG9cQ3ddYQ="}},"PuKINKRa+KTjhsNEh4skWPzbfyN8cJqDsjgwPY/uewE=":{"valueMac":{"type":"Buffer","data":"97w6vy5GEHyrObXt8sYgyvgyiCVuNbzs60bvl5eAu/c="}},"P3oLFKzIh/rIh4QT2HPGeTLaWCMPy4vFSCrK/7Fdzv0=":{"valueMac":{"type":"Buffer","data":"dxEnZqUH7earLLkDg9kEpwcuB2BUVKZjPAV/81cDwi4="}},"QdkAXNIgryq+E5b8NayX7dz6CRSn1PrRljmXxw9U8Vs=":{"valueMac":{"type":"Buffer","data":"liaLzHJ5L4E/tIXoM2Z90nC+17ocUa1KH9wGbZd6tlY="}},"RIm2B9OslD/iZRuh5d7uMBAIShx6Jf/EW118OLMv21k=":{"valueMac":{"type":"Buffer","data":"2ulL36jGM+wuzOFisbAFTt4ItTcisB7tItPGSHn2mps="}},"RJ3Q6IG6q106ZmAHqJYC1/TiJrrFbdJC7aYxwZncbw0=":{"valueMac":{"type":"Buffer","data":"DmBBm4Jl3/FLaS0EoQEVvJV7pJT9DLc72msnjcUyzJo="}},"RMW37xn7B2mZQAEZvl4qV60hrxhymMURS6tWCH9BMRI=":{"valueMac":{"type":"Buffer","data":"7mbxNSm4pn0a+LhnmHYk28bI1pS6g0/hKdIVXc+AexM="}},"Rf6jWBVkzW9x/DMq0MVND4ZJ29iVeBPnXOJPHu5lC6U=":{"valueMac":{"type":"Buffer","data":"DjZlvKc8x+qTxs59QYvEah24vihed2LapG/AZSMtyEA="}},"Rhw1BqfSPt2pKFlS0UZHL8JJzOusCaHlaHYh7K74psY=":{"valueMac":{"type":"Buffer","data":"scZSs1MrEM6vfbMcxeCT7kT6S915jTFj3vIhUBoq6XU="}},"SEzJf9TvaM9gCCMfsgqzyNGe+oamzJ+KJhDOUO5vP2s=":{"valueMac":{"type":"Buffer","data":"N1+M87eHW3Uc37E7XgUE68WwVcp8UWs0B6FyPzrkavE="}},"SHsVlZaI18hzu/Cfx3+PUAIqxi7mPmYFLOGW11Rtlew=":{"valueMac":{"type":"Buffer","data":"22Ftgw7LUyIwdwYGaNnz9IaDcAVLvWGAWlmIai6ZbXY="}},"SJaQ4mM+0RgV5h2ICHE/7+5hdkWq6daXd4RR8CkgfCQ=":{"valueMac":{"type":"Buffer","data":"tjdeoRZp/8xlp6b/Fn0dO8joWYjsNrhzTlzdU/hMJG4="}},"SSs/xmeZjATiEkL7NcaEATOi2LX2+//7g4ZHOFPH4Kw=":{"valueMac":{"type":"Buffer","data":"moiljB2g3ucysi+MXrQME6jJ1Bu68q1aQspYS9CiRTw="}},"SrvuzdRrV4/sbj8in3DLP52LZAj/DyzKmzxepm/236k=":{"valueMac":{"type":"Buffer","data":"QG3c7pkjPSnkbNg0gQcIye6i6fgBhJCKZ2+HN7eABxU="}},"S0AZ6S7v0ySJXSOhaRSmIn7AcXSv0+hARS8zAA7Uw0w=":{"valueMac":{"type":"Buffer","data":"p3nhbqQYFLfkwVoVFsfNPVCfmPHNiADAFOyUG82StwU="}},"S1rbHPZAJI26Co7lykjNjSs4AZtv30pHltrxWXXG1l0=":{"valueMac":{"type":"Buffer","data":"QzcU4dVod0+T2I9bEBZTKtuIGM1QR6v9QqhRZ9R03z4="}},"TMoE6LiwqPqsflSDdz+Dr5FGEOVBjOXhXAJqSgnNg/s=":{"valueMac":{"type":"Buffer","data":"7qYHT+8XA1qanE+qzmdivEmoSI5TkJfq9O8gU75SsIE="}},"TusJIM1hQBc9W7KllEFUI7a0JjGIKEw+8xjct0HHkjo=":{"valueMac":{"type":"Buffer","data":"0TlACPWDxfNhEqa9H0xEuVEJawxlGmQBog2XOu1vYUA="}},"Tz5RM4x4sPUBELNwyaZiOP21P979UyXLbIGYdA6ica0=":{"valueMac":{"type":"Buffer","data":"7SXxfY8h1vOa11PkiEypipaGOWjFI5axH04bGKNI7kg="}},"UCZgO2BPCY8Cp+3sdJOgM2p77pYzcSZCZVFQmmybiAY=":{"valueMac":{"type":"Buffer","data":"LwhpY2bWyiKa5pNskFH8seHeRN6bwlHIsLWaKcxb0vQ="}},"UNamqYej0ZXlbLrlu93r6DWKlnOpP05NJkV0ow9kY/Y=":{"valueMac":{"type":"Buffer","data":"eOIkbiAmE+t8nHeknq9a1Vm8l3QkfV+ekc2P7qf0BrQ="}},"VHW9kEK6oIu+6MdkSbbz4+iffy+E+7rtm1X2FZdcMVw=":{"valueMac":{"type":"Buffer","data":"c3qm6df9oUEpAdJHxVTkT/nfP+fxleDWuWNoYX8wknM="}},"VM7bpvZj8Kp2n11dAHsdhZ1d0G9nGh2ggr0cuWvqOIs=":{"valueMac":{"type":"Buffer","data":"gzr7zASTiy3YtZ8ivPg7wZduhbf+im0GtLVVr6uPU4Q="}},"VTRTInTR3YC9sV5dh3HpXINLuyaMaQgBlzBIL+QumXw=":{"valueMac":{"type":"Buffer","data":"6V1kStsVij8m6oDif+vXWjsW37yr8moK07bnzbfqNjU="}},"VfoPSHuenNQ1KJzARkjLcSsHYY2p7xhcAx2ne5knR2A=":{"valueMac":{"type":"Buffer","data":"bmAs2yHhHtNj4dDfvPx4evofwuYkyJg0J0yHo/yNYWc="}},"WEHvz/4NT6UslabrNQYathTQMBjY9f29iFHvvMwLzyU=":{"valueMac":{"type":"Buffer","data":"JqutW4Oe4tMFhGKnaeiinIbJ3HLVhwotYciOlnaDU1c="}},"XCC/xT58cE8/rNqOekiIdv3ZJrO1Chk6MHY62FwskEI=":{"valueMac":{"type":"Buffer","data":"60Rd+PqHo2+Y1Lb+sz32xG8tPZ3sB1JdwMg797vTN+k="}},"XWhuzBo4EhKyiy1QLrldp9RNcJ2Jq3mZmqgk5Y4FEnM=":{"valueMac":{"type":"Buffer","data":"K45LBiHBTaqTv0GZ2rtAjUH/v/Esh6zAglgwbkqjppU="}},"XY0So6CT+1ai6JrA29qpV5mzyZSPXBi7lMKIyKMjqbg=":{"valueMac":{"type":"Buffer","data":"JKwjGrQv5JqQWHS1UZhn0M3JvYRBbRdcN9QZJNq0pQk="}},"XrQXIjqfc+d9XGgsxy3/ZzLn211ECkHtbWo8GaW0z9o=":{"valueMac":{"type":"Buffer","data":"fNna+JKkJuFUs/WTW7WOC5grVatrDxwJWNvTWH5lLzE="}},"YQ2GyzrV7xGlDirPT6QK1bTvnkcFiOrl89psLQk8Ux4=":{"valueMac":{"type":"Buffer","data":"hI5sXyTD+1UufwztOw9jo1+tgUQFDchzZXXP2QXWvEU="}},"Y3NntCgbtqYaHPgFwyHqQoAzj7PxNKe/BImrdXDmdrY=":{"valueMac":{"type":"Buffer","data":"whXk8n+s3HT0+QI9DDqJyhlJAbFDOt44/ZZN7p4A9dU="}},"ZdDQ1NJtCVj6xMurDcV4ijuufAc/Adee4qnsokP3idk=":{"valueMac":{"type":"Buffer","data":"OnEgWkws3lvztPsqHM9qAMRn8AEeJe9cHafnZuEsdGA="}},"ZhKszZ0rxFJr3FpHk3An0ZyJX8rR1FsNe/y9d0T7hXg=":{"valueMac":{"type":"Buffer","data":"K30pEO3WAGCB2vx+AUb+loIGWvikUVgrNztyWJuEnm8="}},"Z5GSyz1ww6szJdO4J/yWKTzofcxopWtEK6psDeC91uM=":{"valueMac":{"type":"Buffer","data":"PFzw+ZemF5czG1NBzuS7kERd1IOwVUX+TKco6+a9e/k="}},"Z7IYKXfMmmGDzUO2nPGTltWGoHvUgIrZY1GDsyR3mzY=":{"valueMac":{"type":"Buffer","data":"iTbhL+buopewZ1/qiEb3RZBQCzkgTFOjpHT9QHXm0pg="}},"aC026QevyJvdutGOFGwj+bAHQOVpR2Fn65efu0uVEsI=":{"valueMac":{"type":"Buffer","data":"7s78iHJGHbYBZBOI4KF/LVGPG2Yq73nytWB6NJT5ZzM="}},"a3guVDTlRYC8A1rhFNUM250E/0b0U02pJ+/xnagl22w=":{"valueMac":{"type":"Buffer","data":"F6uxhaJACseCq1dnyjZWak2Yn9lqBdS/CdbA+ivMW0M="}},"bX/uvmmlFUkt3H/wg1KGMTc3CZNCbTNJzdecDkrT0Tw=":{"valueMac":{"type":"Buffer","data":"uUcp9bwSSghBJUDRPStU3RFVt68pmBR/FE6/GC3oAKM="}},"cLHK+iRd2CRQ7TJodJoza6NzlzdqzHv7spt9Gjq8vlU=":{"valueMac":{"type":"Buffer","data":"ug4h/CSfyaLJAjQa1WMDvo8fcOfUBY6i07eDP7FaOoI="}},"cQ+hJSJKsQqOt63mpvEcWhwWvhCsM+HTDrRQ8vr6gRo=":{"valueMac":{"type":"Buffer","data":"DbecrC+Qf8cbUU0bgA6NZiaBGAgipySRRFYX1itzrpk="}},"cRw9QQa+2HVE85cGGrtoeXdL8F8fzmt8m6QahJDiFoY=":{"valueMac":{"type":"Buffer","data":"MKSVq6PhbQDqwDjiUDn7j+P6Mn7DcypWHyoMhyQInoM="}},"dDYJsjKa/eYbsnh54e4010ckurb/QWwag0r4fhVDwSw=":{"valueMac":{"type":"Buffer","data":"JfUg9RiF6Vq+pJYc7/qgQloqy/F1gKzyUktNTnLgcOg="}},"dF5qSQ+4vGkdeOfCNkI/P7gV+ApBXjD3qnNvDPQH/Zc=":{"valueMac":{"type":"Buffer","data":"O4QC0t7AEWEXzsizFUoQvOYYyKGYU0uivcjz8grHrak="}},"dJWWEr8NvYWLpv70HkTwf21qjpyUdwi9tQuosk8GYic=":{"valueMac":{"type":"Buffer","data":"RkqU7FX9xNNKnsuWq/bxWmBaqYCkBqR0jFtdVwQzdoY="}},"dNpy0kxMfJSbOpwWqhQcp8Rn9GrcPlMVi3zFVlyHYJI=":{"valueMac":{"type":"Buffer","data":"hYfXaCnS8breP+cM/EQy1ZJtR3JPzAlgMSONgigXAH8="}},"dt6D2DfZcRaKCShd92zDUyIksdwh2St/2aB5gqS0B44=":{"valueMac":{"type":"Buffer","data":"kd43/hz2Tb3Ip01534b75bY3xpbOJ29SBj5UokbvunQ="}},"dzCWrCeTPQ8rAqRl4sa9GSG+MpRoVD2jL/JQs2vX3KA=":{"valueMac":{"type":"Buffer","data":"m1fErLG3vMhiiske1ntC6z51A1dmgDf5nHcT8QhxCZ8="}},"d6xRMXJPNZGbTVxv69E1rEZ6fxmilputugvW6NmmzeI=":{"valueMac":{"type":"Buffer","data":"J8tYX9BbeKbOz4nZsvmZzD0Fo0cTgI9DZQmQD9PdbWo="}},"eNrxY0hPkyOA5Fk97NPxdBzo13kT+sjZCpRbFnw0BeQ=":{"valueMac":{"type":"Buffer","data":"1aXRoCzVm0Q9E5atUb80KvJmQ1tTtlbZBsO/jOZ4OrA="}},"eT732nyzrAOXExo2m4+rbqKe7BHCuO5rqLCiMpKiql0=":{"valueMac":{"type":"Buffer","data":"VI9S2k93MjQ/3oYPvUDdU4dYzrX8x/fehZ8oRLGjKfM="}},"eiARyq7uI+AriTtgFBoPl2KT4QL/gd5dC/ntfIypYTc=":{"valueMac":{"type":"Buffer","data":"zPDHlDpfuFH6PCOa9Gxj+8UcsFLU9v/cMpGoGMhtvBg="}},"eyJwNzBIl3AlfpOJsqolPBjmHnP8rSVGJCEfZloHXFg=":{"valueMac":{"type":"Buffer","data":"F9TipgIzXyI0AUBwHreYGrEN8XzAXv/2RbdjFia27hQ="}},"fXY7QY5OdnN/MXLTPBTooMrHID+b6cFKzms3pPK+FVk=":{"valueMac":{"type":"Buffer","data":"nl1rf6TeZOY+zKSiYA5zzeSLKfabTPxgszIsx1ZSKUw="}},"fn2S8Dr1M4IPmCsaKDx/JwOxFmR663i1ZH/668sdeVs=":{"valueMac":{"type":"Buffer","data":"qHyD8RI+LQz3VI/9cVa3XksX3wjMhBMdgesKmJnoK1c="}},"foFWd4A3GtzjTF7RlDcQgWOw/fx5Tb0PDMkMdupX/G0=":{"valueMac":{"type":"Buffer","data":"LkKjPFY7ZqxJxrVH+NlalEoBA3U/PBgxo/DUcM1Ej9c="}},"fuWwc+2vhE4Of0jFTc2VIaGbUmT5xUOgR1DE7itgw48=":{"valueMac":{"type":"Buffer","data":"8BzcO7D7jouJUDM0+UlgP+5NJ/YJcplKEoHjyxx0/Ks="}},"fvTN6kTnGpOQoROaBXHxS3qFxT5LeXGc/LcK97aF1ow=":{"valueMac":{"type":"Buffer","data":"5yLjTTMQ+dAkJVYTPiK4S2mOAA5B4GcHTPud7XbQGc8="}},"gBMM6Ve1JzPQOTu4mzpsC6tt+yKcgEs1ORn9Liat+iY=":{"valueMac":{"type":"Buffer","data":"w2E8vtNbxO8v7miALDIAJSXS6hrrDGapURNptUuKr0U="}},"gMmVYP8ltS2CVJI7vANjTYhb+SzRV0D1mWpKqq2qJaQ=":{"valueMac":{"type":"Buffer","data":"7vvYVArG7iAJ7+of35ryp1jJE1Oi8xA+aGeWPWEsaVo="}},"gWLVpnQLBMobOYivueD2t3KNlSFnRzUuFDYSrpxIW44=":{"valueMac":{"type":"Buffer","data":"Dp976KQrUYsCHQlb2QbVjl+RrNOwVfpj+mxIBq2r98M="}},"g0KUHzCEBQYE5Btu2B0YwN8Vv3gYjxhCmE7/AeTtkZk=":{"valueMac":{"type":"Buffer","data":"fllApWtSFa7UjgODgl54UNySAKpt3TJh2EuAnIFbbkk="}},"g1nDLXNTLyHdwa4TWNl+OWBDfBzVu8R8dZmxab6xuRE=":{"valueMac":{"type":"Buffer","data":"owf6B/eCv0X+UhxlzdmG7Rx/cQXVtxMM2AD5bGvBTNQ="}},"g3xn6OQCIWbisxhxi7VsrqOujenrgN4lEANrO4/2B5o=":{"valueMac":{"type":"Buffer","data":"aoAWQoVmPL2Uby/iee1DL0r0o1YpI5Bmb7au5gm1I6I="}},"hBgzSOJ+oZvdyge6t3a2mvx+6uGCEEcErknY9PeSidc=":{"valueMac":{"type":"Buffer","data":"nhNnaTH6GsEAGbc2hPUShVFa7QzbjX0lPJBUqg30ANw="}},"hIbYuk8KKIhGS+3p0+yqNUX+sA0+9wD4TrVGOauXF18=":{"valueMac":{"type":"Buffer","data":"U9OQNtMfu0tvdOgr0TV0WYJ7LOyRs83HTjMRsI9+xVc="}},"hLYHXn23l6WVA/VwY9r7Dphscuf2UErA6Ldr6m4gMcA=":{"valueMac":{"type":"Buffer","data":"0h0IGKMcUoqdrmRokmfo6PYvUGEBcS45lzixzMsjHAQ="}},"hL8nZaakVaDaRom8kWn7XxzD6PBy6dz378oAhUBPWTs=":{"valueMac":{"type":"Buffer","data":"B+fiNAmUIqDsZmoAU0EDnnvJTMs1GknusTBqmRHUoss="}},"iPT4hJj9cnZiaPYU4qJtUlTdkiyaVKuiNMauxkY2Fvk=":{"valueMac":{"type":"Buffer","data":"uZminAgGOotNbUGNzLSv2J48eTSTq7IuPkmHi7VZKKk="}},"jAC5/F8MKf6M9m8QfKTyaEkX+Dz8Zn8z2Y0xVaRsm28=":{"valueMac":{"type":"Buffer","data":"i5C8N1Bsd4xMIz3XYTx7WthudwTipflte9ukzwhmD2s="}},"jCtPRUOShuf6AZDA7nMW7Bllu4ycInXF/vui13cFzm8=":{"valueMac":{"type":"Buffer","data":"vWQ89LWYkHPxsqFgJ1WIf0E7HgUvEoxVX2UFd0n8KM8="}},"jRnh/BXIbJsi7Qh0GtjIgxt7MjAr9kCV9xKqlKQZJIw=":{"valueMac":{"type":"Buffer","data":"whX4eAJY/Dz5Sp96PnvJXRtKHFFIG2XHZdoODYao7N8="}},"jXt4QAPemZuPTfgxCK4SIc57TZjBNAd/1BNb3csUr4E=":{"valueMac":{"type":"Buffer","data":"+J5pCvSzfji26fu83HgnvC5bFvQ8y4NkQvG+dXqrp8k="}},"kHK9R/RrpGCc5zX4QB7HTJl1QSbpYt1tHqmBf3gVjbs=":{"valueMac":{"type":"Buffer","data":"Obx31C5/R+Xn+SuUfvf6m+nVfl07nQJDdzatG5R7Fkg="}},"kKJBjaN4mT0kV2QHQkMb1wXAXRCxEpNVDNiMLsIdZb4=":{"valueMac":{"type":"Buffer","data":"df7I+eQ89raoU8oIca9Zv2/MrIKh0T6Boqnr0pVyYXk="}},"kRPb2/8tYYy5EMZm0wqxih9ouInbZor+tWuMh+Idvog=":{"valueMac":{"type":"Buffer","data":"OfeYNVAYx3O/MRixjXn6AAaY04PpX/WPeQJX/J+CDkw="}},"k4f3xifSGHialiA0jPwEz+ya0F81A4cpQ8jLIC3lYHI=":{"valueMac":{"type":"Buffer","data":"RIiNRXbuqSuke/4PqtDqPdgvfcSNu5GD+kIpwLc3JS8="}},"lLKJ2d4f7McYf/KOaADFpIBfmYaM9QXKgdygEnffHbE=":{"valueMac":{"type":"Buffer","data":"As70/mYw4vv7P5qy44oIYpVm4XyD4SsB18RxwFIy5W4="}},"mPNhK+XGptaDV/Gnso3XvHuRhiNlAjuSWOiKZ3vFTNI=":{"valueMac":{"type":"Buffer","data":"wedxRcxNgWK5FWCrlX30JbySK0uwRCxMNL1MpouLfRI="}},"mQ54OwR3YsDG/Bb2w/gHWrR79rI63IqzkVx+u6MT38w=":{"valueMac":{"type":"Buffer","data":"BJOefH6jUL01DXWAvQUhlcOnINUIrK7wA/fHkxqab1Y="}},"mi4kNGyrazE4Q7ghUqf0/2Xdjc8EjuyTez+84zhWOxs=":{"valueMac":{"type":"Buffer","data":"esLrcdV1CXu/FjSHe8J803S1rTC+EJoKDNclzS1Sfss="}},"m59JlNaODdT+76GPtUE1jIkOsItCUy+WI8Nl2xRZnxw=":{"valueMac":{"type":"Buffer","data":"090ACMKTq4lziXmjNYfUBoNTc35CzlNa5c81Zebf4qg="}},"naK8MXty/hMES4oJssT9xCWyP50juMHA1JcnUJNol7A=":{"valueMac":{"type":"Buffer","data":"MC/xT7jinSmZPZDERZx+/wwNNlvun0Efxr0rZfw5RqM="}},"nj3DytXDw5bOMWffpkWG/eUnrjGyTAuWQXNmKtJFfSg=":{"valueMac":{"type":"Buffer","data":"8XMd5bCMXCIyMgwwyjeJgFTUcH6na9HbgiExCG0AFpw="}},"nkfjiacnriHBR/OnFY8WSBbbLX5lV/5SOpyBBbZQS98=":{"valueMac":{"type":"Buffer","data":"PW1p4MRt0qhzncJUGdKSEcwbULwraPqMou8rYRISQg8="}},"nstQsJsO4tCtFS12qoKwhTGFok9sCwufQzKYd52Yne4=":{"valueMac":{"type":"Buffer","data":"Wl1X65mHZJ8Mb4Mf4GyKWgm5YXGhtu23KzGjTDxMF4E="}},"nun1NLbXOGKSZqK8UXQqLXuZGFBpUDS/e5E7VIUE+lI=":{"valueMac":{"type":"Buffer","data":"fOar3WxgcM8dJfRaJfhfQXP6khJfBSZDDwbXu2keziQ="}},"nu40g+gu1bY8MysjNuQeIxsrcnSLnfZJLoX2puPczPU=":{"valueMac":{"type":"Buffer","data":"DtHbS2GWYfY+jiwP239AtdhXRxMmnnhRGgkwl9rUJo4="}},"n9C2nHqdyCiKqRh84A4y8V5G8Pn+ku1+Ow97RqI5fSc=":{"valueMac":{"type":"Buffer","data":"siFU1oYGM6zeSOaU7uIIyru/v0yY4dEOHLdGbpVCPws="}},"oD38YZp/fAGM7RaJSY70n3tXATWKe19pqgwPJWd+Flg=":{"valueMac":{"type":"Buffer","data":"Q91HT6r+xni6Us2HTbTDCPb6cszhIxeP05X4va7s4yk="}},"oD4x2rler5p9D6I19bOzmSdurfG/BGxF/UOQo8Rff9c=":{"valueMac":{"type":"Buffer","data":"OXBXa2jhMr+txn5c6KqPRpFoCD7+rXs2RSl7JMDqx5c="}},"pBEkuR1TLHoamyf7eNeq/ehc4XYGWpVuO+DdVX3++/g=":{"valueMac":{"type":"Buffer","data":"uPvOF4qtzbt5GvAswrxYUSKDWcMnrgQUMr3vRTkIIhg="}},"pyI17lORMoJ6g60PDmg2ULXCMbt94dH5rzt6VOPhc2U=":{"valueMac":{"type":"Buffer","data":"gO24l1/JL58r4clU/RMwpWnCIgIfbfuAYIj67DohQ3A="}},"p+Qg7sKvnVzNZKOVBpviy0oREd8j50CYsNugVH32BhM=":{"valueMac":{"type":"Buffer","data":"Yhvkv1Q5cbl+x3MgRF/+PXQLYitnzGD60zyapq++iWc="}},"q1LE7OXzcBnURXpxPPdfy0Q2nkfOWZWLWMRfImK1gec=":{"valueMac":{"type":"Buffer","data":"tTKy2sKzpcgp3hUl0BtxjJNSp1zCf2V21VydJ/ivjTI="}},"q8gW30cWzdVECZGObpoZaTwr5UF5ZqiqdMWrmZ7ppVM=":{"valueMac":{"type":"Buffer","data":"ieYrtnoHCmHPjw4ptOm6npVuHntz0gj/Oi0f9C6g5p4="}},"rG1euOVoH1KpejA8MCXtBGTqxeg+4YGf0EcD6EPscwY=":{"valueMac":{"type":"Buffer","data":"TEFIN/G4PIZx2HNrZSnxQyT9DM18umsppkWqj1Mz1ro="}},"rJfrxOjcQKCZ4fHWwAoW4fswLeqHNyLjavgnndXOe84=":{"valueMac":{"type":"Buffer","data":"gWjA7g2DnAhNegjoDpFXYgb4/I4ZQD1DljFP/B/DA8s="}},"rlxiMIZomuyRszCXLYE8u/6MVNH3Ku2OFyAQmtJ7nbk=":{"valueMac":{"type":"Buffer","data":"VpxoU+ELWWZ35TMP6jmWoNfNc4hyoA05trkwe2y1ni4="}},"sBIH9VMu29wq0FBDud0xK7PtcwcZQMqXpoUINUM3+xQ=":{"valueMac":{"type":"Buffer","data":"0TuwfocIgLRKgaqQt51EJXFcZBWMJ62IMVguNUJybnk="}},"s2cdKMZbcOhhwUJGa6Ng3iLCMvhKq1/9qPfE6FXhuKw=":{"valueMac":{"type":"Buffer","data":"t/9iOVb4v69C/aKlBGezJDHseTKeScQvVbMjh310qWk="}},"s6RMXhlPMvpOpruCc5PwZGUN5uzfKoL3tg/ZWaiahxg=":{"valueMac":{"type":"Buffer","data":"8aqIoMvlCiIFsrK06lMRcT5Sl19bFQTix+OGC96MsR8="}},"s8FU+s2XsV0KZinhXJzF539Bt7m4j97vJqUFIhEQAmE=":{"valueMac":{"type":"Buffer","data":"zyeLAUt+1CgifLj5mB3Lay/tZuqZgW5jPgXh71AUrGM="}},"tTYMm+5fjscZhP088rkv5bormAaubXI1ONZENaPOaW4=":{"valueMac":{"type":"Buffer","data":"QQkLOD2OfaDtvZY0LZMnWHcc9z1O1bmV4GcldzMvzug="}},"t/gf1vLwVPd65xFy3i9E5KJemDJMwpQj0vpGUaUx1gg=":{"valueMac":{"type":"Buffer","data":"wxupIBYck/Doz+QwWme1R9MJIqvIrZ98gF4EPIUrHgE="}},"uJi4edyGd9yB25EGWYjWRPgjpynbTN9y3diWJ83O9K8=":{"valueMac":{"type":"Buffer","data":"gbIX1Y5kLshK7d5CRr1Y8BBiIV8EeFUHfzUvQrrIDYw="}},"uUfK2+ZcfKiQXg1szsspWKFx4XE9ZETCKzz5gyFnRcc=":{"valueMac":{"type":"Buffer","data":"c59kzR+9NQZSHhfotIcygsRyie5lnn7p36Cv5p6fq1o="}},"wMsrsu2pd+nngIV3tBHphGkSlbZwzvr4/qpASCaLn/0=":{"valueMac":{"type":"Buffer","data":"ACFAKH1iqFA7J+i02Bh2Vhn98k3VbWoaJ8LQhrwaqbE="}},"wrB0UEA7WNfBxDpLdKVCzfFIqFerWEqPCfZrVh+owXY=":{"valueMac":{"type":"Buffer","data":"kSU3IGNoDWMpbSBCuIR8DKIK/qQ1sAiqZvc6JLht4QM="}},"yB938JOM/VGkHUgGxYAQ8H62DP3Nz6nzjQ8S3Y/r3XU=":{"valueMac":{"type":"Buffer","data":"nXiY8X9QfhLuNXz2D8iKSMZh63O+5zqPHzwwtrvswCY="}},"yJ2hZjIQyx3etFbGfvASDAlE2BuejIXglD72H+9Bccw=":{"valueMac":{"type":"Buffer","data":"9R1e1ULKRFcgZcHV2AFzMzVozDd99cZ96MRqt3iJCFI="}},"zrC7r2EpGSHRkbWRZpNb8p8iSKn8z8i6RBqQuXusghM=":{"valueMac":{"type":"Buffer","data":"PKyRUGcIWkfBbuBu4ZdFXOzxwISI01PR7o+qael+Bj8="}},"zwsL94KxeTKRLiqwIvJWHbgxyWhoywfiWCIGz3dyXKU=":{"valueMac":{"type":"Buffer","data":"pCIYL3OM7zJyHFf6CzzF2Ny8nI2jmpXIl97DmTvWeXE="}},"z+pHKr1rjCS5/uTdId9JRFOcqzKN9pVW9Hop1ptEoj4=":{"valueMac":{"type":"Buffer","data":"xX1iqPE7SsxFwvRntSYXlLeKGKV7bR5TMB2bkil1WI4="}},"0a6K4pgT+xpyhTgh0aa7Dt/sicwWU41zx0bOvYSpS4I=":{"valueMac":{"type":"Buffer","data":"n0OOBdvSwSJhyEB9vNYOUcXTJXq3i8lRVHfyWqyTZ1c="}},"077CF7vhx01glDLSav3ShlM+BAPgxI84fA3iVDpFDPY=":{"valueMac":{"type":"Buffer","data":"I5oaVl+iXuLZt1h/9K2geHN9dBgxhioOyyJpFY+wJNY="}},"1cODr5Pc0yfDYLExq4ZGOYUvabIWWCEUYwjSa0aiZ6I=":{"valueMac":{"type":"Buffer","data":"o/QzYnH1RoD34i+YknQasgfyZ/oxy4KhReBAg471o10="}},"2jcsTrae8vSl3wnIf3ZB91o1ipcfe/kmUjSpuUg4dy8=":{"valueMac":{"type":"Buffer","data":"Y4q9A2OjOirb3utdB0Umrz3Ae0iLtSV9P058QQFdnCw="}},"2uS/bcq5FjW4BDFnoA0/F+SEPTiiZ2sxaAlC9FU+1zo=":{"valueMac":{"type":"Buffer","data":"Lsg5nKdOb1aj0CidBlaYHQ/jkOj/L7JlNdSIxv61rIk="}},"2v71/Cgfv6oMQlL79Wg84ZBM/ayM53S7wR4LZ7qamu4=":{"valueMac":{"type":"Buffer","data":"eMaVCTo/tPY9IigHagbNCb0/5a8N+U0w2nhXtMuB+aM="}},"2xYZBcqNbbh5sF7MHRcVnjNv1qweUHcwIL2BaJra5R4=":{"valueMac":{"type":"Buffer","data":"VqsCWQToC9Tbk3CjwLjQ5KRhTbfk4uiIkFx0VTWIeiI="}},"24c1HplkwhZ3/pffgQdX7bwM00XnfMOxiVynTSbK6SY=":{"valueMac":{"type":"Buffer","data":"NX5cgyLo3emwC2oSW1Bu1jWoLc57ZMw4HTy9oHJTk7k="}},"3XZPlhFxwHtj+1T8+LyFyhGl8CXY3XeecSshS1/jfvE=":{"valueMac":{"type":"Buffer","data":"SKdx/1BxrK+PL2bKHKfpANTtLQ235+zKHyADTF9F5D0="}},"4M2VTebNStqyhyDNwJWf1GnXYjDAjp2FcAfoJHjuVhE=":{"valueMac":{"type":"Buffer","data":"oP88D5of/JnzQkFuQKxwJRnNLhk0D82UNRtC5SWWcbE="}},"4uKCLvxbLSQMIsudbAZkzlxxgMQ7WOaQCT2DZXB6Bo0=":{"valueMac":{"type":"Buffer","data":"RXqwjlunPv1lgE2vwAVp7pHRcr4WUtSY7Zf4Hzv5kM8="}},"48iXmRCqXXouxXsB+rbz9K1xrGU1+Sgx1FX8d4Hd4ig=":{"valueMac":{"type":"Buffer","data":"njfyRqJcoSGwxed/XX8e8MxqdOXznQ1N7dW/yOpA4VU="}},"6GGiqGZY/jouir3PnJ7cNXwVcRV49TZDxRQpfoyERf4=":{"valueMac":{"type":"Buffer","data":"+ZwwYbqV+W9Anz3a0TdTonPDRWZw8x98ZTSUOBwJ3Rs="}},"6QFTym8NuKB4YV16FuQJfbS803HIwUWlTiFwGCk22mU=":{"valueMac":{"type":"Buffer","data":"hVddFqoE3u5UTxg8+lRDxP86TMha6BlqHdiz5lDSMmo="}},"6WoRXOCLcLyCFzTQ569aYPyz9RMhlQgQzFXf1GvwhWg=":{"valueMac":{"type":"Buffer","data":"UKeZUJ2OS5Lnd5tiVQh0KV+X6U1jUKz/eIJ87NDg2Pk="}},"6ZrdcMnQMfkesQDkD4wonpPaQz1RROiuqNxkBdkIzTU=":{"valueMac":{"type":"Buffer","data":"zRF3yLBgGcQwrQdt5Wpg4g26lej5nVWkjnlx8Bxn84A="}},"7kPYZhg0bAA8SixRghiG3E+Zz/4ruvrphSe28idgT5s=":{"valueMac":{"type":"Buffer","data":"BkfytK+bUyUTQgS/88WAMoFTZ6eaDS0UIcI9J4e6RYs="}},"7pFA6+J9w7p5n6ww0FZ5WrCY8APqWa7/pPqt/dSZhX8=":{"valueMac":{"type":"Buffer","data":"EQQlQ88622BDy1Sxl2UeqgThUQX9q78lzkSa0ZxJuio="}},"7vsgRW4pAI1o/P8nFoGee9WlrnCx19vRAxyZgflbQqU=":{"valueMac":{"type":"Buffer","data":"9QVc/4488jaxYA1/X/5xjX2XWiNyUjnri7Q3l1xAPGs="}},"8VoifitdwMav8w/TTvaDb3NW8uhW5W09CkeZSEIxdm8=":{"valueMac":{"type":"Buffer","data":"CR7eH95QYe+eTfuJ7R10q4svVqCuHz+jWisBHIFTq4I="}},"8cgEEHy5Z/azYacshTZ56awFKUhioFGUHmTvHRzGc0o=":{"valueMac":{"type":"Buffer","data":"zLSAdtE93L4bHoJ/IHxt+aalaVw3R3NmPO3YPG2wtd4="}},"8cjVyTmPv3pArArKopFFx9613vmwBCkkqS39ZCgyLHw=":{"valueMac":{"type":"Buffer","data":"0xNk06KbIBFjapjEG5DWZwx9rwWjhmOwMuhA9arN//8="}},"8e37xwfnk8DDiw/h6mZlizOiwsmvkweBkMt3RzS5ilU=":{"valueMac":{"type":"Buffer","data":"4ioiT9dLq31zXb0YclSqLvQyE7MWDZKuxpSDDOZ7eWE="}},"8fuEgphsed282v1uvXP3ltmhzwsrKSQIdPXubnOtNt0=":{"valueMac":{"type":"Buffer","data":"TY4MkOonCYtHeWKQZ5i23fMFf7eTS92oTyop2X2zv8A="}},"8uQ3gKCjyt0/TfvbOb47VxA1o2cVDC2tP7zpEcHi1zs=":{"valueMac":{"type":"Buffer","data":"JEEVI3xjQU6L9CI/ylmSKkCiOJ6AWzToM6/ZV0cA6GI="}},"8+2pc2g8LFKw8ID3/up15PQJfyGXip3Ei2eNZKLtp6k=":{"valueMac":{"type":"Buffer","data":"rg9zI+puD4MM59Vei9DcFTceVYnA6R9PnNPcrjsUJQU="}},"9NZNIurevz+0BG3ZIQaRzpnhrA0Kkqnbi8ZuYEVbzRI=":{"valueMac":{"type":"Buffer","data":"BzZ9OKmvTKXPvUJ9Xf7VCJ8FDb2PT+ZhDAlxKtqWumw="}},"9SjUz2yDT8naX7qeMerUVtJwxhGCUCOOTXflPcYPhVQ=":{"valueMac":{"type":"Buffer","data":"AS+QQgPu9j+Nln5i3l7DqeAZymeMticj5tYwegR5Pm0="}},"9et0oDxrgbCi6rKIKnFWpDXeUimMwZnaZimVjvP5rcM=":{"valueMac":{"type":"Buffer","data":"bX4+Oyqf2gTRcVdmBHEa+1iG+fjfqFliFEr4P4jS8M0="}},"9kvRMIzTBA5+kdXxs5EDY1cwhNqEGlWfV2PM9z0YEQ8=":{"valueMac":{"type":"Buffer","data":"sTpqpudG9hzZFUxKgqKQrykf1f3K7KnCp8tI949RxLY="}},"+AO7JNj3rY1NRb0ISP9LV3dvSic1o7EG18NnTqkZpKE=":{"valueMac":{"type":"Buffer","data":"gsD0nAo025ZpObf9Yqt/Ln8loiCOx+lUnxvZ0APP7g0="}},"+hWm5rNaqPGsUBoawZxXSLKQ0dhK9U6xc7xxn7m54jQ=":{"valueMac":{"type":"Buffer","data":"w+ITDExuB9KiuXQAZvGnl0WB1Vo6Ap8R+e85j3oeln4="}},"+muv/71lP8U/kfpflIxbV2AxAdLYPZX6l+x/agEB3AY=":{"valueMac":{"type":"Buffer","data":"Ae2iEmZNmPnQZtuYY6rqoFEyIFO7rLEoHYuz9rsbwy8="}},"+x9nBpl8SrCYVXOQUYN1poCeE/aZEebqnf4DLpOyaQM=":{"valueMac":{"type":"Buffer","data":"md/gySvSxctBiWLs2MLLczm+gH0ODSqUc8Q6Gq0wjAc="}},"Zx+3E+LUClkp7v+0zFdCgy+WW4WFEjrOKiVCINgjkzI=":{"valueMac":{"type":"Buffer","data":"2zAkH8ihg39rK9L5yKbCNfej6hcWsn5yD5mDPCe8XUU="}},"XtjZPP3N26VGb7jDDfqqn2uYjlnZYJ6yKxhC2uwz02w=":{"valueMac":{"type":"Buffer","data":"zwZpLHXpym5ubfoNk3ctqdknuSldtEkMLQcUg4ifDXs="}},"gZNavrk4wzJiISWpdrc1owlfbKPtds1ui3gyPOFGP5A=":{"valueMac":{"type":"Buffer","data":"NaHjBxZdjuHwhPJvANCpJmmKcWumkYUG94ZbfMp/yBI="}},"G1kRAvwHl+8el+EPIWioPFx407ud2ZWTkg/Vcf80Jgk=":{"valueMac":{"type":"Buffer","data":"rc8aaueByvhU+I/iu0WseF/qzn4pKbKJR+ZYlqTvYOI="}},"Ga6//qu30uQNIVinJZVVahxiL7pLA3TGoxTGDKWDkQc=":{"valueMac":{"type":"Buffer","data":"4RJoY2Y0HG0gilPKgVXoNatpMliZpBP7EId63XgidOE="}},"1ZUqtlFI7Sv0SIGvfqKDgRWs56Pf9MnSZ902y2Kv2Dk=":{"valueMac":{"type":"Buffer","data":"SYsWmb1F49StUcsULlvaCihzaNrPtdBemogZDW6a0R4="}},"u+FRK12QGYStiQ7KJkbZQWagzSKDciqImw9yYzo+0hs=":{"valueMac":{"type":"Buffer","data":"UkNvmilaqVCq3QR543BkDKlegpjqJQ24mwvp8OZpmlw="}},"ufI0aeooErcVt/l5oHBEx0yirLIBuy73PeCTzejBrs4=":{"valueMac":{"type":"Buffer","data":"JWjRb0S5HwqO9/qds4Cf0AqSHlyjD5J9R85HqF5tZEQ="}},"FjmItWgKnxVWUgQQNU2ZKl/gqxz+YzniPE38tjsTY54=":{"valueMac":{"type":"Buffer","data":"xwgHEq2iZ9RKyAadc/8dx068uCgv/Ilq391sJYAbC5A="}},"dUng+xJ3g7qCqqXWls2R3Z+p0mjjKAS5/lnsPoxo0sY=":{"valueMac":{"type":"Buffer","data":"zUtwQHk8LZQfEJ7qZmmkdjLNkPTVd2ahubNLjzfrqvU="}},"G1OLP7lFY8vzDvff0OL4zb2eoPSIYXAuhQAJ1IJ/7w8=":{"valueMac":{"type":"Buffer","data":"lFydy8ll+WBdnLW2F0ZcNCQ29bWE8mKURKlO+tqKfCA="}},"xcyYwaqHfmEeKG3X/kgjTTri0GfosPGYghS7TD4DMRE=":{"valueMac":{"type":"Buffer","data":"J0Syh+vGQDGgrotF0iv1lKITPFa8t8uTJAGrdJeMpZo="}},"FtmW5qcRAAvJHZ+W4DsdjR9St5ngCVxkwLeJsx6ZEY4=":{"valueMac":{"type":"Buffer","data":"O40kIzbWaD9wkVlIoOm3qo1eu9I8WhBtwtUqTaRy36s="}},"ocEE9i44ghqS28IMGi600sHhmobd59wdytD0b48EQ/8=":{"valueMac":{"type":"Buffer","data":"TkDBiRi1BUxYmEFZbveh15A1+Al5T+rJ+ee3TVGBzRs="}},"5+hKCqoLNLzhTPNw16nc+AHF1d5hk/yRsw64c/nmEsg=":{"valueMac":{"type":"Buffer","data":"QMvJ7KNxoRL5byvA3f7SOFYrI0zquQrsoDhuwEb6uWc="}},"KGfOKEZ5SyNPCFHwXp11Iw3hAXXXz7xX+Ap8GYo5lxE=":{"valueMac":{"type":"Buffer","data":"JF1v/JC3liGuHRPuaFxpQFQv7i/DkCH0CnyJT3V2R5k="}},"9M8HWj10X5P04GUfmsUfzf7BItfUH89qNA39qCv1R8k=":{"valueMac":{"type":"Buffer","data":"rxelL49GxXHd+UzzOtG+RfHbyA2exhfXg3MzC8I5rY4="}},"saA4C2Kv9lMnARaGyLdBO4o/g8U1BZrfwqnKqJaCeCs=":{"valueMac":{"type":"Buffer","data":"0bMOQwcIRfV5Of+9WFJJOBmulCvqgmVLz8aL6n9JXtc="}},"jkf1RjywcJPle9HrGqafd8fUOc4lAqGZpO6yAJTWA5w=":{"valueMac":{"type":"Buffer","data":"isCNsVf/hvBWlLMZFBXzMYe61m76/gu/tAzH/m3jnd0="}},"L7uIPtmmTnyDqggAsZLLdOtaDntcQBs8UeBEv4P1LVM=":{"valueMac":{"type":"Buffer","data":"Kf4Qi4ssnFSRHeFE+dxP4JYbBAdvd3ryAiuJJYqAPF4="}},"W8bRp5PPXZ2No7SMoM8KgYdG7GK3K/HIxyJRnLvKJIk=":{"valueMac":{"type":"Buffer","data":"xDBpmOsvqhWq2NHmIUwA4aj0wIpzRKry2j5n/t/Ipok="}},"HDclQ5OPNZvBHZMIROLsc0WPOMuVn3z22RB9u90GBEo=":{"valueMac":{"type":"Buffer","data":"/FumB2hn7zu5b6EBAgLaJqT6/6QS8BlxLe7vxouEpbA="}},"zMrWCjbGsT9e3UhNbVcynKGHs+Sa7gGCaKB/l5slTbo=":{"valueMac":{"type":"Buffer","data":"oYilOiXfiwA5z9S47OXIePyxLZgQh2vOf9HSSZ2NE08="}},"1m3wy8Ve0Na/seXZDhG6RolTzp9Fc4FOtTt5Rif+m8w=":{"valueMac":{"type":"Buffer","data":"jbMfIif/2j2QaVxtqlxZvgnaImBHmj6WOO5OnHmxBeY="}},"cK5pvImMuqFl8/RvDnmbKIW+umgbEPGHu67BtwpC1Bs=":{"valueMac":{"type":"Buffer","data":"ja9ZM5sGmMOo9Mdm8Wwpc/cFagFE+ABgCJD3l85eFQs="}},"lFSFPggSf2BHS/otxU4yJV8booAS5SSNs2nIGAPwlt8=":{"valueMac":{"type":"Buffer","data":"4onkaIRhpEjbJA++lcVtG/d77XDRegc8ANN8PxIH/FU="}},"BnBRf1t86Ud9zEfjDSfGNrkhgOL41wMAHJvvzSvXSh0=":{"valueMac":{"type":"Buffer","data":"OCVWAmh9cEjeH7HsftDPbpv+nlAc18yE/mYnaF2MVmw="}},"TLgazNYw4W1uSyV/7eVMAH5nZmfjda4uenZ/jpAgzr0=":{"valueMac":{"type":"Buffer","data":"GjQ9zVqTx4178VZM40I0GGPyvLz+qggqkizRKbd0WRI="}},"D1ASJir1gBmvgh/cfhwT2UnWvMWz+gHH8WpDFUrAj6k=":{"valueMac":{"type":"Buffer","data":"tdZhb9VYtb+tk1zaKb2UwlpoIrIyAuwSzjMzs6ndAWo="}},"5GjZq4zQLezyfmhQ4bl1cv2cz7E85l8uWbZ2M8rnrtQ=":{"valueMac":{"type":"Buffer","data":"cdlK5Xc0hsQQQclrCNrqRQvQypUW49TG48TPWliWoLE="}},"lSHBHDz926yUTdH15zoFWnN9qNlHbRNDG8rItJI61YY=":{"valueMac":{"type":"Buffer","data":"PPy8/0K7l+vUBn8w7ucImkcF3oxelZbg55vWCX7DvBA="}},"5pZd/GHDlnFse71IW6DYdcP+xABFpb3UEJyF1u39o9k=":{"valueMac":{"type":"Buffer","data":"VMlKYb+O1a21tWAdRzox4PMINTtEeELuz48ElKhWfzE="}},"Ue7AUr2L6Fe27he3/+E6Us1tEiECq5Cjm7zauS4ge1Q=":{"valueMac":{"type":"Buffer","data":"lynXIOP3giLKfvrxarHJ2Icv+vrx63CjycrH5FLFzUk="}},"ESYZtxFcMWVHldJWZXdrLs7N2bfCUebFJbU2JVESdOA=":{"valueMac":{"type":"Buffer","data":"e6TeOyom2eiQ+Wbvyhy9ql5MNSCI+FRygD07Z0/AQog="}},"eHZO1OVV3DhQj31xtHRMP6Zc3mvCOKxfZXJslZ++twI=":{"valueMac":{"type":"Buffer","data":"F5YI32ZqssLTWSMpNFPKzPtqwgtVkVwsOlc4TmVLqUc="}},"EbwycY+7ZZlKdE0zUQdf+FRMAiHiC/h4qbUZgM6AHbs=":{"valueMac":{"type":"Buffer","data":"s5PbfUSX6f+7FIT+9p6v86lC9H1hPSCVi+8QSkS2Jdw="}},"x5QYAuwGhICFffXvw2IiKoH9fR3fTL3JRGOD2mDt/5c=":{"valueMac":{"type":"Buffer","data":"6rs+u9KDfkWshfX1WQQNNeDNWf1lVUONikYa90IB27c="}},"iX/mVjKsPwdDb03KzSiSewf6leZgbMuR2bHwYlDvzvw=":{"valueMac":{"type":"Buffer","data":"kW8dm/uJhswBtT2BiyLdEFtt279MnJLTJYExwHqmjtc="}},"PzVkkeiZAxkw0ufK3ybDUvkIUP5c23tw3k8GDsKTHsQ=":{"valueMac":{"type":"Buffer","data":"AsvSG7neYwPjW3FpaTQIzd7KAaw+/K5bSOahO+5QBoY="}},"z0+chU81RKPqL3cXPzrfnnuLaiVDGKfjxzkzBdXeslE=":{"valueMac":{"type":"Buffer","data":"89NWEjwBBDWEwmPlYxFJ5TMUx9PakbiMtjQLRO5T5R4="}},"S0t33om3hPvZM62SNHSTdfiS3IwN9ICjsUh9nN5w+64=":{"valueMac":{"type":"Buffer","data":"P27dl+er68aEAiXgT5Kk9s+36FoH0NNcA5BzhROK91g="}},"pQ7bTftwkHvXnVdCwj3VxFqAARALqLH/KnOHSRYzgO4=":{"valueMac":{"type":"Buffer","data":"0Hf81fZAZ5CudYPjdTAHeLBoR4GRiTp3SCFaWh4V5s0="}},"UbrNA1Nd9s4zc2pWdU3AW054e88b8biIXPvzS5cergc=":{"valueMac":{"type":"Buffer","data":"abP8GlZJhoLmfvdjb4VyHuO/XvaXCsxR23lQPBml+ts="}},"/tN7h+pP7MNo5FR6k7LGRMzOWglVCw/OhCDpaKDLliU=":{"valueMac":{"type":"Buffer","data":"gMzQoSCUv0oGZmn22RPqQs92/T4op+aC8+xJ8v8anAU="}},"P1QNn2yKQONoovkwWrTpGL4nV+sEMVilaiKwMiKCFGw=":{"valueMac":{"type":"Buffer","data":"6tlqoZJj/UVxhc4n5Q9cSehcT3tw2kbssm4LW4L81DU="}},"qoRKkjtZKko3hKXG96QdRtYPSRX/xZ8p8p5sXeL9f/I=":{"valueMac":{"type":"Buffer","data":"uwUA2jKeDT+/5+PcR81DUnQvn6HmPrBMkV1kPuCr5Ns="}},"SAmb4XZt2RtveTF9Qd2AXBIA+bdVchYyEipHwMTcRR0=":{"valueMac":{"type":"Buffer","data":"3bCyT/IGSFB0P482pnTWgT+hJ8bNVpmV0kxtskYDoa0="}},"mkqCtUxC/MWmNBDydZBLd9P98G6f7A15GaFzPxwX8yY=":{"valueMac":{"type":"Buffer","data":"XWAbLOFnUZQwqO+Eey/XYIRe8U2jbYFbns4Oqw3XOPg="}},"hVEl5IuSz5FcSW5tAMyNeCfDGoAiDuM4vKuUS6OpQmc=":{"valueMac":{"type":"Buffer","data":"Jj0nod7HIL5u0ATSD3BwiTfj1xshCiFaaTJ2VMKtZhs="}},"FLE/RnPH+bxJmc3LACNlm9s+ZoJZIFy+xzjGfFvDVP0=":{"valueMac":{"type":"Buffer","data":"ug23iTAifSEZbYzRQ1LOTn3hIkWqJSYnjFZrkyo3y4g="}},"92FtvorQqOdhP3ywKN0M0MTou1A8puwVW8lWTZ6/P2Q=":{"valueMac":{"type":"Buffer","data":"/8krCBbIk1SjpjvWywm2qStTuhd7deUVAlUUAlARSsI="}},"c1k0HROD2qMi4Ezw5W4QOuIhN/+222yXo3MextSZNts=":{"valueMac":{"type":"Buffer","data":"vCa+9/EnqRkhrm5lobKPcC47DGl/7cRiSvsw5yjZ0jo="}},"rqKxFPPPr1mxp9Rgzg9GocEDnoYWi/L90dHaGhouqWA=":{"valueMac":{"type":"Buffer","data":"8voZZDunPylVGI2p82biWR68Jyzi43Qr7xPKxOoO/Sc="}},"pgT6bDHjDAVlG26mRHb9diMd1aSrV7B/4EMQI1HmTms=":{"valueMac":{"type":"Buffer","data":"4nciIG/miMxI9MEKBxIanrPBKiDPn2m09g0HiCGJuIk="}},"McTAkXMtoZ+mof16xZfguUt/36lEmK2iOMMMcXV87Cg=":{"valueMac":{"type":"Buffer","data":"a4usHDd6U/QUbEQb7UHIWqdKpUuE0+39pyDLnjLhnRQ="}},"VdBZQ8lBZRwwtaub2ogTtEAmWEReJl5BUOEiNtU5ayI=":{"valueMac":{"type":"Buffer","data":"9XfRZL5YVMUEE5QTESQ/V8r+Cot3zyJaTZoUULFizAg="}},"9YJZdhvIKT9qWXADtNtm4pgGUu2TLIQBJ63AiQHg2/s=":{"valueMac":{"type":"Buffer","data":"H34EM2THj1Nqr9F3+uaODrhaz2QKMHKnCQuZ1sFpA0Q="}},"ReWvlw3x+CAQsZNhuJfZwYXx6t3nKUN/gOyjtY9Yqek=":{"valueMac":{"type":"Buffer","data":"3Rqf5z264BEjrSRLqw70EHgOMODE8BJ9b5ch34p+Qyk="}},"flhgdspgPd3eWKJ2udP+Fh92mZbS2gP1i5TWEEug9ZI=":{"valueMac":{"type":"Buffer","data":"RQJJkiS7+LuczJmgSq9FimtmPK9FZchzPo5/HZOxfOA="}},"t9EDN+7MOAB6bBa6PjbVObrf4Z9xW3u7a69uLQaxiLY=":{"valueMac":{"type":"Buffer","data":"2oNNf92GFmL96kXnKBNuJi/8RTYV4kJEMnIY8GVEa08="}},"VmlR2kUKpVG99OtVTpU/lfs4ZB/sVV/4G+VzEckH/nI=":{"valueMac":{"type":"Buffer","data":"Jq6KLbsxvlnDu+51osRRu8rhqc+MhIjca3ABM8KC7Pw="}},"BpGLRB2aJ0WMm7QwsMrz+WPVUqMvq43gxJPG1G9YYHg=":{"valueMac":{"type":"Buffer","data":"PEmuWF3U+9RJth3T4BUeknYBqM5xnEJJr5KzlKmRgW4="}},"DaPktV8HO4lDdkTa1jqude4/MfbWBX6hTnQ5yXQIfv8=":{"valueMac":{"type":"Buffer","data":"4CL+R4H6/pGqN2ZmXG5T8TphFx33bTsV+Jn5ExV4poc="}},"ehpjAVL+FOKq2mxbzqHEyCpcDLqxFoxh79isB6YVNfc=":{"valueMac":{"type":"Buffer","data":"FGM0FFflWBrkb4qKXw2MPfUtuvcDgIuiBjEYtAVoUHU="}},"VfJbF2qsep7xpDOI994Dr3pVJymx/7s/sys5M/r9+84=":{"valueMac":{"type":"Buffer","data":"mtyqYWH8Olzlt1h5Q1Cr8/2ch/LYm5ZrxDh3wWu3f5Q="}},"/Mu0kk1v+lS943r06eeTASLLTduMak5mWL/IAcUbfe4=":{"valueMac":{"type":"Buffer","data":"mzIJE29YjSMgY2JyD4nBT8f6LaWWmq+LooU57Kkf+d8="}},"4OiNLLZqOL0WAWnkXjmRQIet+Bvww3Gp5VaOW9LOduk=":{"valueMac":{"type":"Buffer","data":"6/h4789Ur+DWyDmD2bqDTRvo2eNxgY0wOQYMS/oyt1s="}},"WaPDK7XNLpCkIFII2u7F3Lq+zR5V+ovElv3VLb8fOMM=":{"valueMac":{"type":"Buffer","data":"z18xrwGEuy4FoWiTq2AIyU26gVqFj9BpDSYsrsWRmGc="}},"mHAqx7mjcpd0ylV8XMsVTbAm3gbRobAHTK3LcTApS0k=":{"valueMac":{"type":"Buffer","data":"3IgklPDnODiYYivm1pwdHIs/YAFgJNLOberE52dWfWw="}},"Eb2+PGaBhSe2blL62D25LipmFSjzVI0HD2kXAQF9dbw=":{"valueMac":{"type":"Buffer","data":"58Z8oP3rNUn3U6yvB7jo0jihuEFrDZbYGsdTKQG8wJw="}},"T5xTz9sMKoYRhAGO+NvUoPYeeYDtg3fo0pEC8qvVPoA=":{"valueMac":{"type":"Buffer","data":"eYfLLV4J0KGJWyeNQsIZDm0HZLmzS8yVqVYxMsNVl4I="}},"ZjiaUtM8l4VPBnoxWo6L0Vwawj3CJnnPBHINemDd5d0=":{"valueMac":{"type":"Buffer","data":"9Bpwh/p8KTXrMaYH6Urscgh4+OPmrPlJezXpEtW1V/U="}},"br6utNsk2Hzh0AXbcpXvPBhfmVTkJts99u7RO1eQgIM=":{"valueMac":{"type":"Buffer","data":"3v9VcYM5pG/qLkbYl4ztFaaBKO8x+QKk5yfwBLCOBlk="}},"xej2h5pqPKLUh70JkDStnApEKnz2cgqrHQ0aJGsCaNo=":{"valueMac":{"type":"Buffer","data":"9MCAKmxHKxDMUs/3r2C36Pzp8qp93YlrfZqO8NF0Bvw="}},"OTcXcc6zREMg1gu6/cn9UDXt1ALCPVK2DkzzHwhxlqM=":{"valueMac":{"type":"Buffer","data":"+dgC6Xzw6vb9RkuOBXS8c6tz5jH+ZEdHpLvvU9vbQYI="}},"SGN9isYwMzZ8Mzj+XnHJ1BT6rjOqiNzwtu2cDY3XFEQ=":{"valueMac":{"type":"Buffer","data":"b3pMTE8YhDZD3k64dSgpiixg/Q9a2q3sF55E8m1Fyhw="}},"PkKY1P1VePi/rwp+UL0eD4tOxyXZHv5xtjcx/v//618=":{"valueMac":{"type":"Buffer","data":"YAKnpWmthRly8qZU750sNPELNvSdXPG7k7X2XhmPna8="}},"z2Ko0drpwINCyF83s1scYh4aLb3aB28IJP70FsQo8ys=":{"valueMac":{"type":"Buffer","data":"Gx8+a0w5F1t1D/deQu4GmpD7yy9EJjFnZ0QkiTWm+Tk="}},"wVif+JgemdKwqQSQLgLKU5HHMHijB0vqBTcl3Nc47Mk=":{"valueMac":{"type":"Buffer","data":"dazB8vR/IdYpxXp0mpZ7qZJwDKb2z9Ntio/LNv0aios="}},"MY153sX48agm3hH9YhbPQpW9JYYdqG9lnNnbPM3Baeo=":{"valueMac":{"type":"Buffer","data":"1ho12Fn/Sfk7Pfjo+41MyWivXVHfP5HiYWBmoCufFJs="}},"DY7wKq/qcM1aTVjxrG7elkgyVQ6QnGUBFf3cVxEoBAA=":{"valueMac":{"type":"Buffer","data":"KQZQUlwXXFtG/m36fhH8lla895b5LAjKDWiJJflxpoE="}},"WprsdOWYdmGdZgSPY38Utrx0tGLWfGpT63ZB+mJr9/I=":{"valueMac":{"type":"Buffer","data":"TpNOU9VEa1LKrQChagW2Fhb0ZXnebNCD8qqlqvsql7I="}}}}