{"version":247,"hash":{"type":"Buffer","data":"AfE3xgkbrO/4sbuFJXskKmiCaW8wxMl/GByLo2/0OWvgCPWCwWK9LaY1tQB14jz4Vw6RuWloEuDddK7waH1AguxIEo1O1V9L5HYAU0iW8vIU62M8BbkBUNo8I9iluJifPsgJxxC0qbv/N1TZH8LrwwgUjQOOms6XDyeOJi+uw6I="},"indexValueMap":{"AILab6wtUdWnkx9PAiSPe86yVJW8aUMwJ6Ao1Q0Mrbc=":{"valueMac":{"type":"Buffer","data":"vzKqdfLj7Jnjy/I5zM+sSHJ2wBAS395m5VQjpMs7cEo="}},"ALbXBQTz7vhXBnAc/ei0bxNXflw2iTkZ+7NHFaEgswM=":{"valueMac":{"type":"Buffer","data":"9diqAyN9jtNoVhRLFjX2Ts3tk9sO8Re9XNZMPBzQ6Es="}},"APcMITuAqIHr/CK3og0+unOSr3UCjukw5zAEFBtQ1xo=":{"valueMac":{"type":"Buffer","data":"yoIvgw8L4AONHmC9Y9/g/+sP7T7Htlu/WL8lLdP7ySU="}},"AgyF8pkpM64mbTY/H52WKlOLbML5TpAkGNkvI9Gh6UU=":{"valueMac":{"type":"Buffer","data":"luT0+Ad5Qeih1SO/slAjUUBlGLGVsfEv/CHMf7Lc2rM="}},"B0UtL74ySi1q1+n3h4DXSIT+bMmTvfpjNi3cq84zDZg=":{"valueMac":{"type":"Buffer","data":"3pF8dGiUvPavK6xswZtBumuoV7yPu45opDxe1OQsKug="}},"CfJODy+ERN+gvHPEN9GpzbnOeIBOqFLxcR/1UVJl2JU=":{"valueMac":{"type":"Buffer","data":"aXrTLDs9NHQOqmjBSE0XoyxvRWLpKWXewjNC78Ilc6o="}},"C6gM+c/g5ulj8UzhQ9JZypMIIU9W6LivMl+SI4NCNdw=":{"valueMac":{"type":"Buffer","data":"mJOVGietsZA7SCsUqUg5CWU8vxP4wUVPD7h1p5EFN50="}},"C7DyDG4AT8AaOLSVMo7UWz6JLCw0rBRRlZnpNMdSljw=":{"valueMac":{"type":"Buffer","data":"PwLhGL2bON5kKG1vyXy/spo+t/GQetwiiS6S85AQ+pI="}},"DRy+5KGF1biHhq0nxLvv9u2eATMk9HO6Dy3SD6JMSr4=":{"valueMac":{"type":"Buffer","data":"ToF1/WcfHhyQqaabi/+J3+x9iUaquop59yLZBpSDwn4="}},"DVxAge9AFadJUn0ytgBfhPpbVj2mFQGuitWTfbEInHY=":{"valueMac":{"type":"Buffer","data":"P+NPiWfJDxXyH5fl0xxgn/CKX1MBtId3kPMuE44vU90="}},"Edv9vBbFwh+DaoKyQxyuVdeyawiMR0CnsKSD3iYow0I=":{"valueMac":{"type":"Buffer","data":"cifsScjgJq7fFt9H5WRNo0PeHufTNXDjPKctepjOHJk="}},"FUFtNLqt2L4ra8GCMU7u6et5hkUjCIfvK2PvbWeuL3Q=":{"valueMac":{"type":"Buffer","data":"FTyxDBBfWPUC5Or0arRN9lMv2BnVPhFcaS77OGOzAkU="}},"F/cnAeuJCZKYc20831uy9O6DmoGTa5aIzQJcgdVnX+s=":{"valueMac":{"type":"Buffer","data":"bfAq3ukWzRrBfVEyXX862NwFL/Od5UHBDtEP2y6n2Xc="}},"GFGeENPXweW2AXi9WNGwSxAnaIhWWE9kGGfsRooM9a4=":{"valueMac":{"type":"Buffer","data":"vlx3G1bdiMhWvplgYU8MUeDDdGfFBOXMK8LlvJRzCd8="}},"GMlsWENrGf4Lf0P26n8/kK8D0yVam3qOwhg481+KdKQ=":{"valueMac":{"type":"Buffer","data":"K6EFPV7gU1gUCd3yvHkkvBzeoMj7UVn5E0R6zjk65pI="}},"G2Dc9ql29QkXmLk//RhZfJfdyCt1YatAFCnpcBnZWY0=":{"valueMac":{"type":"Buffer","data":"ijtJkmQrR3nS05c7UCk8GaZzORHQmKXZlKnSLvxGy4U="}},"Hq/ANDMjLUKsIh3H980cnvYd+qQP/WC9Fu642Z7Yfp0=":{"valueMac":{"type":"Buffer","data":"YJIlzVmo409IbA+W+Iw2yWfSJ6gyh0nfOLNJZi/p/RM="}},"HtFcI/QmrN7VYSdMosBXWUVKARR/OFndkcWwNgDHXwU=":{"valueMac":{"type":"Buffer","data":"yr39/JRgcz9VlJD6w79OnTqQzxov3G6s6nDes7y59d4="}},"Hw9ANC8ddN6BnBTuQ9XsZh90xb4gJ6x30GVAYi+KO4c=":{"valueMac":{"type":"Buffer","data":"9Vao+tfa8EPAZUwZ73PV2st6LFaLGGqZ4zpud06D6kI="}},"I5bz0F2YfOkP4SVrykmvSmW1o+VhjftVeomCFVnmkAw=":{"valueMac":{"type":"Buffer","data":"PF0GZ+cihEe2Ho8D9UcZIhfXEycVCN6iNG2WNvHXUpI="}},"KR7cEguDsxE5yK9n7eV10fecgkYqbHtbZy3RCSSpTns=":{"valueMac":{"type":"Buffer","data":"YNthOS9pdWgnzmTLAFutIn+MdXPJA+LKKS5TS6bOszo="}},"Km0skYPFcyWc9J/Mu+6LBmg+sC5W8cp6uMpPBFX0cY0=":{"valueMac":{"type":"Buffer","data":"UiZtGs/GoECFWEf7mitO9ywsUMEWJ3UjPbE4cQKHvZU="}},"K7Xx/UGU5+aewq/EWE4UQ0ogjGBRP5QNF9zgZt6nudU=":{"valueMac":{"type":"Buffer","data":"x5dpL6nkk9jUBnC+ZyIk9VHXkzEzkC1KS3R/iAR34ro="}},"LCwEUvB+hXR6HiwjdHX5GMNc9F30Trce3R8OBi2s3c0=":{"valueMac":{"type":"Buffer","data":"UpcRKfbfzh/126EvzvKrFEqNIj2CJJA6rjJdGBw2URY="}},"LfIh6mzLlmlCFgNJB1/hH+9G2b55jPOxP8X82Fee8fA=":{"valueMac":{"type":"Buffer","data":"IAEIhG3jk9ZjGiN/kUSXu6DXe2JhU3v6y3hi1Xr8e+U="}},"Lu58B4eK1xxCmTWZ1ePlgOgw2e3x7gIIgy5HOAKZyR8=":{"valueMac":{"type":"Buffer","data":"0o1P/ds/50/Q5PgYgSveIN/54YOuIY552lxtSuJ8K38="}},"L8r0Fck3sSYBLCwkJGjsuvO7+bEofSox6HpAiubKBBE=":{"valueMac":{"type":"Buffer","data":"zD7Sg8h1+OzFrUyoV2Jv9q5a0W6rsweFxb9NMZJL40g="}},"MASV2lKyVfoiGI2NpI0aDTNAtxQid8scDnQ/KEPkb/8=":{"valueMac":{"type":"Buffer","data":"j1LMJoO3LXXDKTC2PyfPNr0raS1CrpQaMmgaxmO3FoI="}},"MUKBbh+otXVnOnuGs44PS/DDX7ngRg6cQ0M77SjPH18=":{"valueMac":{"type":"Buffer","data":"wHQ8BHWQzNndQizS6zcZzdWtmQwsl/mLDfNyVmqtrxU="}},"MZWhlBc1GHHmaaYUVjq2q2JJjg3m5XN6QSMgVKuZrjA=":{"valueMac":{"type":"Buffer","data":"8H3PSgd7rFz9HVtS2eV38AWtM5CH/uC1PURbwKEUNdM="}},"NW9f/gaLUcDS/CBxdfztQAMWyaeq8KiQkEbFMg/0q00=":{"valueMac":{"type":"Buffer","data":"+m0NOunzTPeynCkohhDjnbXq0XaWdbAMGO7PHWrr8+w="}},"OCpc8auCFMGekWQ1kqGdnAUCrOBegcG7Dnf5+DlHT+c=":{"valueMac":{"type":"Buffer","data":"khy16b8xgZkJB9EAhhzCyaDWCaibX6CE1ApZVUnQoQU="}},"PqniYqv9gbKVBttwBnxEOnhs3o6vt/PLMlpAxeNK7MQ=":{"valueMac":{"type":"Buffer","data":"XfHoZckACKeUvDQXQLvIfFFnfbuS/WJND2VhoFberTE="}},"P2/gePJyZTJlM8d8oYWBTrc8WbBjOMy3BtkOkyaciiQ=":{"valueMac":{"type":"Buffer","data":"zSyE7/ZwBvVhWCWGD7vIMNzs/TN7A43WPOd2y3GAqKE="}},"QN7Q6WTEnnpNMXwAKYwyFH+zpsLnpoT7JvpObcaIiUk=":{"valueMac":{"type":"Buffer","data":"6pcz63JbCb0aG7e4/yffkUJI67Jl/+VmZ8+3uBHkHvA="}},"QTDibKFXWyzXV27RkSX77nlJNx/M5Q7xiYa+s9D2y4I=":{"valueMac":{"type":"Buffer","data":"FVAC1ljwO55VqeDz1k233A9lxy8pItrQMupq4LVcHnA="}},"Qwr7Qw3p3WbnLxB8lu70NRu01PelTqJoayHe99digIY=":{"valueMac":{"type":"Buffer","data":"AuuTfoj8zDuZzrnFmbkmrzdopA2nY0rZeRCIcGOSkAk="}},"RxCgbw7sIemyZI8rOhqjz/JrBSlsMlRPdO8jDR2C5hM=":{"valueMac":{"type":"Buffer","data":"38Nrdhe2aejZwAII+nCDEAdA1wxI2Kl/sxemETkPyCg="}},"R+riyBf5QdWqdyFwlJ0dNXStafCz0wrnaDBnrnM7TiA=":{"valueMac":{"type":"Buffer","data":"k3VTRXUBP2qoHpnGBZ0kROZ8tLB1HymFIi0IqfahrRk="}},"SiTsQ1RoWfT0H+i2jH+Rf3d7uWGfxzTaLjYGHM+kGBA=":{"valueMac":{"type":"Buffer","data":"Ur2OayNQGwYv0LVTm6dpT8+AqFL1HAjDLM5lQ3JmVyo="}},"Sm2mxZnpevaFQe6OqO2DUG/x3ACBTFv1vCF8q/Fs97c=":{"valueMac":{"type":"Buffer","data":"Dgd0xHzwAvenunqs28EL09UHj9LzMimYCS5mRlKk4T0="}},"Sv2F/5DG3D9olIx3hFr4Gr9PSrweeRBgfDa1rr/dhHU=":{"valueMac":{"type":"Buffer","data":"NV6pbxer2eK4YoJkKkLX9s+0Z+uvwdXsaEoZdnY0EXU="}},"Sw9nbwNxP+Hdy5I7tVSzpITudN/sxYX7xDxKBIywH/U=":{"valueMac":{"type":"Buffer","data":"HgT0kZKAE4zG16M0QDciqbA0unkgLnixA2rhYeY2E9M="}},"TeScZpyCanXDBmjyG0H6Eh3gyXrS2dB/cbq/p80JTL0=":{"valueMac":{"type":"Buffer","data":"6/V98uR+laWYz84Og5EHYHY5naJv7jqqAegtyICX5pY="}},"UXjxIW05dv1MlnCpeKI1b4HaBIhoTsVWJ5WqaVEaAGg=":{"valueMac":{"type":"Buffer","data":"pqi0MvF2LNybHZKfSAPTuSFSqxLGPvYjLgGcbMv3YnQ="}},"VCS3rUm43K5uZAWzDDAnQ7ITZgavO8+ZWMmgMXiY2VI=":{"valueMac":{"type":"Buffer","data":"FkSZfdkf8vX+jT6n1DHZc8BEReXJxcaQKOP6oiDU7V8="}},"VEQHH/FSVbtMIld/BqW5y5lqk1Yc1ihD+u5795tgvEc=":{"valueMac":{"type":"Buffer","data":"V5MibhydIOiC3rKmuqorzul2sE2AvKkJT5JOQo+IFoA="}},"Vgviz09v4uqOP7WrUuhGnHtFZaaCbs5X/p7ur7NVtdw=":{"valueMac":{"type":"Buffer","data":"AN34z6WravFDZ3ALaME0Y+e0z4aL0qyDuhnm2Rb51i0="}},"V49T93eHfXbRxC67AuJ8fwz67hsN75vtAizUTmGgxoQ=":{"valueMac":{"type":"Buffer","data":"kNe41PBHzsaENyrzWp910oFWUWT6DxyfJ9qzjRjEWRs="}},"V76iPyil6/hEEFsiA5byTmz9PYAM8+HKZPp7gz61iGA=":{"valueMac":{"type":"Buffer","data":"9pkoUxpRpbtiBqcZ8DLMtbY1NDheNFnH5ndDFdeyypE="}},"V/LgpuD9PCIm1p8/K1VYLADzrqq7r53PSkzneuVNizI=":{"valueMac":{"type":"Buffer","data":"dPcqGxms0dtUMg7oTKoZBV0PqiXCK6pS5tX/QHMWaEI="}},"Wk8BEoJZoBPFkaEHHw9fWoavPlMuivtZXmgCHQOF0us=":{"valueMac":{"type":"Buffer","data":"AliT8QJUdAwLEBWB/NBGsRx+7UFuwy8I0IPb4FKLHEM="}},"WyxAmr07eNkw01SsaZGaBSgarl9qXBICkANfGIj0DTQ=":{"valueMac":{"type":"Buffer","data":"5Jywv+OUKs5+9BsoXOc+8nu/6P7RKW9SthqdWZWfFkc="}},"XQNoVF7d2bPxp6moxGDb96Q1vg75xVq5rbLc91Tavp0=":{"valueMac":{"type":"Buffer","data":"aeprySN0CA24Sd3VnAx8aeyexARDk+Myw0CBdvlL//4="}},"Xr7REqo8qF/1MI4EEK14e4bIzmbxUPJnatPmfvuOP6I=":{"valueMac":{"type":"Buffer","data":"UaV5qV3mb0yN2FTzrlc+ji6RDQ+3Y34bwwC6FNB3JQQ="}},"X1J81wOEigi+fUmTXG5D55LkbC+wf3mCIVUZMIk8hVw=":{"valueMac":{"type":"Buffer","data":"cJl3vKe/k9wJ7rzzCiVTZwtiudquX9Ju3VIQ70oiRik="}},"ZDF6KeqR+qZiqJRrprUmRP4CC5oXS/n4dIw9dX4rk0g=":{"valueMac":{"type":"Buffer","data":"e/LPBQBWw20r/k3TgK0qTPXIeANQ1UwKJI8Oya+O7XU="}},"aZHkS3CTpqSB3voi4ewymwy+zFH++131lnH6/HdJu3Q=":{"valueMac":{"type":"Buffer","data":"XmyUjaLHiM0TcHEFt8FlzRQDKqQiJotxP1gJeO0b9yg="}},"a92ZRPk/ZCIwkgRVbPQOWlA3Xxh4QP9QtHn5ipP+0oc=":{"valueMac":{"type":"Buffer","data":"p6PFMbdhwjpUAK+oPHgyGUsKleyfuM7QwStqnjmt9Mc="}},"bYTn4sglcH7LwEI9O4wtNVq2iatkH7z4oM71cTf1roU=":{"valueMac":{"type":"Buffer","data":"nOtw8LhKw2yUP/RWQwo0ui+KTIwQmWmws24P7+UOLkc="}},"d1WL3pjg2ESlX4TAXomZEauwDaS0MKu6+sp7thQfL9Y=":{"valueMac":{"type":"Buffer","data":"GSY4aUHohpn/ULrBx+YUiArxG10zf0T7tclEbjwXRPo="}},"d43xEEjkC7MGn1lRilGsjj8wgUnqZEVoyKeXzIZnEDU=":{"valueMac":{"type":"Buffer","data":"ZEDT67GXu3qjoWV+444ZzB4+yS9z0atnUzmKCoegiPg="}},"e4H0N0ZT/qIo9e3cPzhdsYgdL/uyKrGutKOUBvjO92I=":{"valueMac":{"type":"Buffer","data":"D2m26KKNStN5PRMPEcfS2xRoyML2pSkTINTS+o/In7Q="}},"e/e1qGAnSHSlGSz+JFjM16PVI/UblR5j4csdjJb5vLg=":{"valueMac":{"type":"Buffer","data":"De2FT+Zqvii6G56pj/jmmz/jcjrx5fsmDkxMUACzX4E="}},"fQwNJsmW1OPzLW+zLQ1XvSq5mZBmdOiiqW/Hlf9WGAM=":{"valueMac":{"type":"Buffer","data":"1I343y2n9gLTGVL0Ihq2NdR2zqNEeV1GuRyLWlAZtNY="}},"gUE4InGK+bglcmgxWaRxG3LTCb7bgKAaelZsskezsEM=":{"valueMac":{"type":"Buffer","data":"JNdOTGBIRb+1kXNmHKuYx7CQpuRXpZxgdhAs0vJl5Yg="}},"gUt1Wvql/hMBpFd9L3ounWE4/UfbuQSgcX762gVEcmk=":{"valueMac":{"type":"Buffer","data":"lapJWsgGXvOfUwp9ds8KLKS+pU42qLAfWE1NJDpcNjI="}},"gcNIoQb1oGBvZkLQmXM4hh5TkSz3mSQCnJ37TonwzL0=":{"valueMac":{"type":"Buffer","data":"yhHHcxFmmWNfMwiCp+xXjIXReLngmJLkfkpdioY16Lk="}},"hHO12cqerQIbm3suacHIpq4hpt0vinfd6gCu8wig0Q4=":{"valueMac":{"type":"Buffer","data":"IfPlyDJbw5p0fwbWWzOl+BwSl0EHCW+2O82hik2ZD1c="}},"hgHax0Bd3/mMAfINmVM8JCFi2laSuGjvyNOlAjJzmPE=":{"valueMac":{"type":"Buffer","data":"PzElLphfN2VLh5/Lxtiq6wIy2HQAznDNokQUrI47Au8="}},"hqkjq8UK5NdzYTvj7CYG920wlx52AQFvXOKq+efN53E=":{"valueMac":{"type":"Buffer","data":"7T1iXcp03wBL6W/74TQdBw17Ob4I44CMghRevhXdDtA="}},"ir5+/lHafelclVoNtSnOJrgEGbZ7AiuZTmy1F70xxpA=":{"valueMac":{"type":"Buffer","data":"M/QAzxkbkKgcSuzoNc+VIgPOAn4FPat4oGST+dhHrZ4="}},"iwlv4Jvi3DM2jVqZR0YBBYO6lg/ws//4ty416dKzUNY=":{"valueMac":{"type":"Buffer","data":"K9korgzwAO7LTKQS4+hVJEBpxlT1h6vwE9oFp11YFyM="}},"jaWgi+Sjme6FVw+O/+O4RKgQO1AP+qie6rp7YEyMsHc=":{"valueMac":{"type":"Buffer","data":"TBJFLE9SbjaNB6KxYwOysSrexTwzIxSzJInhgaNgd0k="}},"j/Tnxvm/IW/djrTfnI1YY7YZhvN2kfKcCGdcHHKWgHA=":{"valueMac":{"type":"Buffer","data":"3A8M6DzL9XvE+OBNlZbtdHBb89kateojU0I4tMQjm4w="}},"kjaaEBdzzgXN/dDqmN2lIOtD8QhjmNrLniQ/iMPIrd8=":{"valueMac":{"type":"Buffer","data":"gBa/D3fOZ3cGoFNV/b0e+/+x9+NdZsrrTfCKwlkz4AQ="}},"kv2VTPVi+jl+CzpcY2xTE9mJzjG04zOABtsfHh2owMQ=":{"valueMac":{"type":"Buffer","data":"plGe7CplNYvPnKbkGKo7cN/jN32Lkwf/k1vkgWx1dIU="}},"lZlVHkOJFPMbj5ACMA87bsuvl4VvlZFrVKHSRxJHfys=":{"valueMac":{"type":"Buffer","data":"xdagWq5ZuvlGKwLxbVSFvXT6IBTivZZwdCuxTOH9tHM="}},"liQcDw1mOT7bURRLoBclfpMiol7xgbWEimmcJlfufYA=":{"valueMac":{"type":"Buffer","data":"U45Hk+3dft/RNrUyrm4uVmNIf1w1gZ2AoSdCt7zeNow="}},"lmt7omsqcIuAwIQX9b7E74DvtglcnNBJHZqc/IZbqO0=":{"valueMac":{"type":"Buffer","data":"7whKMPIII2dT9VqYZUsthpMzQ6v9XNGwWRqgk53eGzI="}},"mXZAf/BN5AzeH1PghTAQsccswSpakEOPkQPfk0ZTlJQ=":{"valueMac":{"type":"Buffer","data":"klUwXFF0db7Z9LjtMRTmvNMsARSX1J5UWcl3FvKtbBU="}},"meljgiYrKesXnbFQFjRws6h0ZxgGBGoxOjgr6S6FTa4=":{"valueMac":{"type":"Buffer","data":"7sKTuJDeX69mp6lXqKNxaagh7iLGoOLnNpB9qgAcC9A="}},"nRhZf6YNu9oBWz86cm/y5b8Xtoxj9QaUlf6rYtvc4R0=":{"valueMac":{"type":"Buffer","data":"NgvX4O1rCXcpX3o/n1FKCbrXWZLOosQpdJfrJ2/Wpb0="}},"nRufLykozo0V1ZkM8vg4xbflAWcl0NFvsgRdYF4qYc4=":{"valueMac":{"type":"Buffer","data":"eieMZiuKN0DLj5pPpvR/q+tbwkEJfcUs3oTnC04DGMI="}},"nVxmTG2aEoEu5cZpM0nJcTkdDpOAMs5G798IjRVLcl0=":{"valueMac":{"type":"Buffer","data":"vwng709G5jsatN2GpM7rxykRFIzbOsl4/96MuJ9bOs0="}},"ndPDyhS8EG8GHWhKnXyG3Z2lBL3xHdqhT3c5R1s44Aw=":{"valueMac":{"type":"Buffer","data":"7xulCNoR6T9caDoQmi1DpE4jSI1rtgzayR5vxEFQci4="}},"n7j43zw44kRgsm7KibVnf0l13REnxc3dBaqi+Wm+CyU=":{"valueMac":{"type":"Buffer","data":"pAe8Z2Qy0vTA8TZja41ovj50Fvh+HBYHfv9CyQlaBrE="}},"oZsPzQJNzrvzZ3fq9ROzm/sxB3yFsA7gNtIdryzvXw8=":{"valueMac":{"type":"Buffer","data":"0xQqA8kvU25F3OHbakM0+k7S2HHLD1DFFJgkwf8k0DM="}},"pErGd7vZfXNAOjFlwsAOV09gkPJH5kVM9UQj3rqofmA=":{"valueMac":{"type":"Buffer","data":"E+KNuwbgpoJrjxODXglInmmtR/2oGAn4xNu9r9TgagY="}},"p19hjTbE2M6HXZFtGPbLam0gurhO2tRLO5twrcELIgM=":{"valueMac":{"type":"Buffer","data":"PQVukH7P2NQbg52pzCP8Xc560uMVihkPfJq9AYnoCns="}},"qZUV2K+ojVR6Kx1yMOEHU2gsmmKzHajCez8E1iZzZFI=":{"valueMac":{"type":"Buffer","data":"P/1Jt/TX3qyMFpOQmJaTiAMrKQZ3DKMunHsFDusDs7M="}},"qvtFNQubrjW9sf5nKajxWCVJ0RFGkOilxW2uAU0B8wI=":{"valueMac":{"type":"Buffer","data":"che0DLiEYrdcKvig14rc53rQDCGZT3DP2hUNSSv5uCE="}},"rYjw91X9NKb1/8NVZnurqRnxKgbR8PADpX7X/+Rn6jQ=":{"valueMac":{"type":"Buffer","data":"lsZzHZn6A9Q8LgadOmvkPbHhh4yhUagbeUtI1g/rlic="}},"rerty32kj9r5VQHDlIKcn1t6rangQu95VHkWfngRb+M=":{"valueMac":{"type":"Buffer","data":"CSRIQ1BxmTObseLBhGNGa8U7pUBCfv5760GPZ4zxcP4="}},"rtw/055EbARZt3hu/xbb6CavEh2NIriz4NQrGiDF5CA=":{"valueMac":{"type":"Buffer","data":"kMCxcLzlG385TsO8QK2U5ylfRh74BNr4OEQuiZxIrTU="}},"siVPUsyb/M8VB8i2iY1xXJojeGM5PYJtEpm9HeH/QBQ=":{"valueMac":{"type":"Buffer","data":"X8e++AN3dB6odzVsGUXdrsh2sgSrRHUcYd2FD6y8Z6U="}},"s2WJLa3sNmlT+eN//cq7o5ekxqA/BqQWQfuPceGPRBg=":{"valueMac":{"type":"Buffer","data":"mnB0lHlWKDHWvifIzB8gkPfOPQoz+ewWp5A6OhNNaQU="}},"s7FNiovSw2BYjBhadFW4AHx7FBAbRX0lOBPb5AGN/y8=":{"valueMac":{"type":"Buffer","data":"5vc/zerAay+zfSdtRzIQhrQ2tUji3TJbN1saGC4qm/k="}},"tMpc/ZYd07QCn1+gMrLt7EkuEGtBUPPngGJv2IigtAo=":{"valueMac":{"type":"Buffer","data":"bs1iuAeCH2Hpdzda2AdqdB2VLq0l9XiTDmomj9CoYr8="}},"tOBaFv0ly8bB0wv6MLTkaGdxWMiSjNCcw0PMc+l/KzA=":{"valueMac":{"type":"Buffer","data":"X6LICgCBAjfP4AIQJb8V4eW5J8/Oq81kmvKA/2W0VlM="}},"toIQCWomb34kc4edxWsJA+zKm5UyalMWs6jdc/ipWNo=":{"valueMac":{"type":"Buffer","data":"q15bcHhm5Jil9z6VKD8WufWRvwcn6OIicgEVtkJhSEI="}},"tuRsOlmBdWXCKrXWtwIzIKEN0/FUhOBjBCwHjGXAFDc=":{"valueMac":{"type":"Buffer","data":"IK1byGeUupxBV+eoBfd5fT8nTG4z2mI6kdYJ/YzjOdM="}},"uLPyL6ybzTAkOhAw4mhDxESyJWSse5proBINVckEEtY=":{"valueMac":{"type":"Buffer","data":"RdN4Eu5N0wNqUBwZ+XrqpdJzsgvAvrdET6Wlg+7jAzk="}},"uQrtneJGUWIO2wTss+eMUix9ISYucFtcUC3RRI7BuwM=":{"valueMac":{"type":"Buffer","data":"zkhTzQAlqt19ugahl9gY430z9uA2aLXeGNnrPnuwjLE="}},"uWWRrzvTVkdXpWeV2E86a09usxRRueKws6JNHH7YNgQ=":{"valueMac":{"type":"Buffer","data":"9nsHOPONnf1GkpTD9bANmbetOSVgr3XhQzmHkXUquUw="}},"uZa3jL901yfXKUebqTwcK3WyJArpPDW7zINg/6s+ccs=":{"valueMac":{"type":"Buffer","data":"yssopPJX2ebpIeLycpbIBXAcIyoEYwlk7ozzWH65Cjg="}},"ulGCRGYbMV9gaXLLi+o7z0ABDByLpZShL2ZpsQ0zoAY=":{"valueMac":{"type":"Buffer","data":"7tFDG/rvOnyay1ij+Kr0cZMLnh7xFILduMLHSNa7y2Y="}},"uxGz8Wx3z+oz5OguhzHLn6e6CXMNvXdf6fSuV7GKubc=":{"valueMac":{"type":"Buffer","data":"lg5CKG18Pmd5zaiedTbfZ5SRmnUcq5/S6Lw+QEMoiN8="}},"vUHSgqnzCt0uqsEsjuhUOM1W1c8G4sNEO2blHU3lkzs=":{"valueMac":{"type":"Buffer","data":"nixtqmZuYckBYXEnTL0i/wO45L9b/jd81OWdkQ8Yc/I="}},"vWufDwOXE0bZ1OmuiBtq0D1EheJMjXK9ZDkJEiEOOxk=":{"valueMac":{"type":"Buffer","data":"hD/oAHByKqOm8H4awMc6WyN7L0p8Wx9NCalBzkj/xMM="}},"voKyBP+IC5qZChxvU/bQZWOhN/9U/p3D/iSFPn+sRIs=":{"valueMac":{"type":"Buffer","data":"edmDrJspgugi8dTLUQREbnYCM3cabc1m8u9/o7uomT8="}},"wi6vz3Ax8LQFcnf0phlP7r6cTPX96K2fbvPxTowd6EY=":{"valueMac":{"type":"Buffer","data":"E+b80HkgRuB+7P+lGj1hyMIM3EPu5MUi4ahDdh/5xjk="}},"w7fZRK29I42oP5agkPwfXapptce1erOMD+Afe8FPT78=":{"valueMac":{"type":"Buffer","data":"QNfAhkgGkH4hvtFxIWjjJ6Ct9wyQMvzajiYwK5sXQOA="}},"xahtrL7ehKlVN133ygoKMQPDAruU6DqYByMNG0lq2Ho=":{"valueMac":{"type":"Buffer","data":"mkM0a7O+AKA0sKpQtdklLzEFWvKVcDNScilQa9FWsWk="}},"yEY5plIzRpsPuouMyNajUtHVrJf9oM7f4EV3KdeyBNs=":{"valueMac":{"type":"Buffer","data":"z022VBcr8jTIbR/Jug784k7Ggd3OPB0OaXgiHauJZTI="}},"yjviCdawrEELrPglT2T/GRISsnw9fR+qdkOZPOKC4f0=":{"valueMac":{"type":"Buffer","data":"ckFeCehnh0qVQsM2xbTzWl84zdiwdXy6O6OTuQdsq4Q="}},"y40hOKGOGAMIkgvw952/eCjbvP7B0z/uHMSJRbqVA0g=":{"valueMac":{"type":"Buffer","data":"y9mwiygVE3/lGLelw2Vg39/znSj2NZnCcCkqQir/QDc="}},"zBxkGsloDEkE/QmIcxLxOknd4PM7B5/saUggb2suvyo=":{"valueMac":{"type":"Buffer","data":"J/NkNlWkr9NGp7ubQzMXDQAI1JnMNXlqDpGhngdlBxI="}},"1ApL4kuvW4qJ9BW2v9h66A3/Egm1swrp2QslRREsx6E=":{"valueMac":{"type":"Buffer","data":"y0Lmja5F4A5Co5/pme2P5JTnfd5dksHzDUHRw+yNDxc="}},"1L3OLywguolJ3lgusVZseZK6H2xEScMIoZ6ENfuQc9M=":{"valueMac":{"type":"Buffer","data":"45W5rpcJJ8npn5M/hwvTZhr4pcHsM6zp6+rfbl2FZI0="}},"2iF6TOhg0546siYMuEqvMH4blZ0wp9776zTnfQ5u3VQ=":{"valueMac":{"type":"Buffer","data":"zEloHcZlyIOFSpIdtjfIfqMC7RsGT9jfLaDROxaHHEs="}},"2yDIX41CF/kVwfQkh9VcOghJ9nOljw8BG+T34yb+QB4=":{"valueMac":{"type":"Buffer","data":"Q1aSqQ7bJWZ3PZSF7e4VRSySI2FNw7mR4tsmGUhOZhw="}},"4C+HeAPv/aK26yt5K2JwSsbltpDsjwY2/dof2D1t/Ow=":{"valueMac":{"type":"Buffer","data":"8xGTvVvooyBLIbInd22mD2H7/PsF6mYIzIknqUcJr+k="}},"4GV6h049cJ46F9AhUxhoThwhMvirmVmRfYAR/Y0F35Y=":{"valueMac":{"type":"Buffer","data":"htRgRPrK5ihMKOSzwUFAo1CVQIrEfOG93tJH8DwlW1I="}},"4I0aCAW1TvuuNISxjz0sowlM2yT8MF9h/0W2bwVbmvw=":{"valueMac":{"type":"Buffer","data":"tMbNYuE0p+TPwonKCrpUyB/p8DdxEZz61nZU4FngTqM="}},"4gxsmGUUaXQs+mhzJltGKEN4K8DqCksUimg3r1h1dBo=":{"valueMac":{"type":"Buffer","data":"2V0KPWJ8PhA1KDwHboXvjHNK7e6bDwzaaSwdmDXzJwA="}},"40TBt3F6iJ9oLr3wOL+mM9XABIix7uHJU/d80GOq9bw=":{"valueMac":{"type":"Buffer","data":"7OugR15V3CBNKL1zBQ3zE5i2t0jWjHhIjrLG+q78drc="}},"41qE9n4r7PXCtvEzaWpwTVSFEx05r0bOdMW6YTcFx3M=":{"valueMac":{"type":"Buffer","data":"sKGOYsCyK7gtzd/jplfmVLpnxpABtTsvetDRthxwA5s="}},"5/oa+6JENPepEw1ysaFnw4jcESRd0OFp8dAC/X4yviE=":{"valueMac":{"type":"Buffer","data":"gLxpyoEB1tD+WKt8/HIHybybkCAK+ZUj9VmTIqfSQhY="}},"6p7Yg2800iG6dKu6c8+lXdIbobMGFjqxCGrAa+nIFTs=":{"valueMac":{"type":"Buffer","data":"N4watPU2tMs5SdmG33xAtqSEk9pCRBFyM/K4qsJK7HY="}},"7N9H+/N0jtySglqwFbbug48d8VSzrwSOJbQ2bSWJ5As=":{"valueMac":{"type":"Buffer","data":"7f48HVoN9iYc5APqDOVi8SrHBJRgFVA3233E0VeGUUM="}},"8WnexrROHhXs1Iv8iNFdwBUSh1zWrNi6rgn9ONojotE=":{"valueMac":{"type":"Buffer","data":"AEe0W/fA1fvQqKlB5uGysBQSXfcPXUmUf4icGDwvfkI="}},"894DfduQr1qXrGc8rhuYc7u6/2RvSyNVW4yFuGG+BhY=":{"valueMac":{"type":"Buffer","data":"EiF/DRqT3LH128+1m5tjDEKH6bWMuIneOotXLOflPN0="}},"9m3WIRHZ12hUg/4E/NVRuquu1MjGH200Zl0EfTXPQkI=":{"valueMac":{"type":"Buffer","data":"7XqQV/ILXskaRazyHz25OLijkI/rEl2/VCDJVqT5ia0="}},"9sAg7LbgQnGrJYw9UFqmKX6iWsU4i8duMc3D80cG3sw=":{"valueMac":{"type":"Buffer","data":"BrTIn2e4Q6AHhwrXO843k4kSLPzWhaqcX3qUmr/aeUc="}},"94xmZCfAycCGhKCAFpAV3cg4AfDpa3ovVsDrfifA2D8=":{"valueMac":{"type":"Buffer","data":"Y4U9cMiPG58u4cWQcu3OpvobnoflTbWclh9iIOcvtXQ="}},"+ng0NQpDg48KSM3VdPoYipbaWNn3CVRQbHDwnLH48G4=":{"valueMac":{"type":"Buffer","data":"6BbdwFnMd+MsJ/XhyfPCgq93rkKeJrEM3kphXzNNFGI="}},"+zV6uVFaZPL3i+AHLSqNeEQ2ilXE4/ivOL2liRmZ+60=":{"valueMac":{"type":"Buffer","data":"QDeCdqm7dm5gQrj0p0FJB7oZYhdQXHixvUl0sKK36C0="}},"dKHW6Mk6YDtY9jEqASSOf/sl72m7LiMhpH6HNpkwqic=":{"valueMac":{"type":"Buffer","data":"C+g7vMsPocn2M9+sxj3AKmYd50C/GHYQk8HcByTJoI0="}},"WgQxReyzOkCjlBMtElWQK+Ok/GyzEIQZvH71tuwWf00=":{"valueMac":{"type":"Buffer","data":"fwrjjO/lvGK9vfPfkZctKURi103e7ZAX2teIeCu4rGU="}},"bxVgnQ0PNmXTElBOxtF6rwu9mfJLerw50zsyKNAneUA=":{"valueMac":{"type":"Buffer","data":"JqUruJPgazjsVD06Gz/mVt5g6IlTp17RodC95035GCw="}},"7aHTYotkvpAErrbRYF9KmB0W4I3ymbp5qLFoKXx9vI0=":{"valueMac":{"type":"Buffer","data":"fRBGWRBvfXrHnkci+FTaJ7HnJB+ALu0XM1NFpmvf2lE="}},"FHlaqUvUobPUl4yL+D/bpHETHzXIzi2LwNhp4czq+5Q=":{"valueMac":{"type":"Buffer","data":"a0jBByoB58r36RJ3f+/oB85AhL2OWGu6GvDmnrHucPo="}},"Jgl5Pe1+iTYsn9aEZegCy7tAhdeOTLyTq7uQMngoLRc=":{"valueMac":{"type":"Buffer","data":"pLm9yiq/76DdqbOO8lgJX50GGzqwcA+Txevd4NagciE="}},"JzZi5fGhCg62G/H3S+oFp7PXgjP+H2a1PY4Si8aL2lc=":{"valueMac":{"type":"Buffer","data":"CTpWWgZqEGRf3Vag2kJI5TwHu0AqIzl12FnUcVlHM9I="}},"ibTW44b5yG2KdM1uyLPpw2juqLhhCAmkl/R4wiwTamg=":{"valueMac":{"type":"Buffer","data":"DUKVMxX3L++Ayxtgt5723mbWyjF1XgJ0zhNUDOJQ/EY="}},"Z+dHQg4PNRyV/iQZLnqiIyNC8auf8xTNFGZJSkHgAq8=":{"valueMac":{"type":"Buffer","data":"KWxtix/J4RbZNiUlt1/GJUPDqIi5InMEIqppc6Po3ZA="}},"7Pu24o0u4s7pWTG5xMTmqVL3R3PDFZlJ5OK75Upryzg=":{"valueMac":{"type":"Buffer","data":"T+BGaM2wz173SogSreD+0tbQR+jERn0DwqC5eaT2jJ4="}},"UmULrM7xqQNQAp/2LI4XJKN+oG6zxsAxX6v0Nzur678=":{"valueMac":{"type":"Buffer","data":"6X/8M/BZSNUKHy1z3sAXNTQwWCxDfoV0KMglvEonxMo="}},"73K6SQ04eR3h/zNsLURK2DSgsI3dq2lZQPePHLQqFaE=":{"valueMac":{"type":"Buffer","data":"tGrI247kt7WCUzTmHcbwCCWs6txAHdSbp83+mvN7Dcc="}},"BPQOTRHbl2fnyWMxkrFqQGhoIUeF8leEXUgQ/ChNiTg=":{"valueMac":{"type":"Buffer","data":"3UZrOwd81JQiOf1qNkzWEl0p/4jElg0Q/DYx/glYvog="}},"h3Le8poAom3gaPHCb3HMVPoMAEfQUG7QtM6eJ7JujUw=":{"valueMac":{"type":"Buffer","data":"pLIonIDnrnJk+vhMLo5jBlAGwjvk/sbl7xIb7jy60Jg="}},"v5u0tU6n1prAQYv3KHIdmyBwXaRAVAGSswVQoMsbyc8=":{"valueMac":{"type":"Buffer","data":"ibHloVSO/7UPMEGtTEBb0m7l/5q0HBBzSkHKgJWUL/8="}},"FH1iopeNg5FIwdamlb9cGwArlJHdyARkCYAqc8fx80o=":{"valueMac":{"type":"Buffer","data":"Yn+GBLg4ezWm9w2+jNKzW6UjArgZu8WK6BfOoh96rvA="}},"BFrFKLzfhqHHtzyyps7Z5hwLAVfOVTtOJiqxO5ILlxk=":{"valueMac":{"type":"Buffer","data":"WXCL/dMek+yJ5ob2tgqqwmYvkW6uNMZnnLkylYXGups="}},"mz8hdXLd2A+rraK3hdXyyNhLla/UMQQAer1p+rDBKyM=":{"valueMac":{"type":"Buffer","data":"noJmb8+Uki9WiBsyvN6KjpUxXeAfNMtBxABcYYZl9xo="}},"TKwOVsxHOkyBVa8OF0aWC9Ryn9ROlGp0aXYlhO+Kkgs=":{"valueMac":{"type":"Buffer","data":"RMrP7/awhqK/Ui/gRXfYKA5vaoaqXyHRLMFo4v1HA7s="}},"G0Wi9pY01XGuJRFV7tJYFtJI3qvz2HlNyoQxc0Oe7zI=":{"valueMac":{"type":"Buffer","data":"gHqcs09/MSvp/jwvW8LZByb0lymJqR8FuXu3mPzYHjQ="}},"rwbSyzJYS2hEYCbL9uA2vRB7s/BxjZMU4bPaG36zXGc=":{"valueMac":{"type":"Buffer","data":"Jg53s9z1c4URNdTuRR+HwCjFpOL16o8OwwMyaKt5JDo="}},"UoQeTQmqOwQVKHJQQofSirHgJlK2n+yaUeOWwwijTL4=":{"valueMac":{"type":"Buffer","data":"h8IE9MkdAmgacAxZ/vjHMXR1NlbMYxZzBl1jexfM/ho="}},"CeyeNVVHQ9sZo+lY0IMdo12bv4yM0XXfHnzIsGJhC0M=":{"valueMac":{"type":"Buffer","data":"MBqtiD5uB0Ght67hlYFOatTRgvpbcQhIy6CkP94K50o="}},"fs0pXAKMI6c/A4MVdjbkObaZJvtuzD4QzX5KmJifxX0=":{"valueMac":{"type":"Buffer","data":"bYvUsMOfvqm7fQaVOUSctSMutUcJkl45nNTCGXWA8EU="}},"3NY1b4rIJtzaohF7TAtEBh9o2dT1XSfZe4RUCqG10z8=":{"valueMac":{"type":"Buffer","data":"pT255D7I6kWXTuYja/Phk+Wa0OLLrvGXL1BOpIZnrFs="}},"4m0c8oCr01uqTUtynWmoCaOBOlH5ipmlatHdGKGyu9M=":{"valueMac":{"type":"Buffer","data":"0KdreKTVUX9BmVPrahzQJY9UGTMR1qawr6bK8xOXM90="}},"V9qXOTanxDoLynnE/qvGuCf16ZxYb7wlJzKXyaMUY/o=":{"valueMac":{"type":"Buffer","data":"fupERBkg2HmtYAEiRkgrAcSstXU29i8UbUMN3vFspnY="}},"M9Y8SO0YQlBRqx4f76bdPkQc2uYgUJ4vkd1BJCvim2U=":{"valueMac":{"type":"Buffer","data":"/jIhcjYzyDZnPZiBdXAbWDu/Q6eQm0dWWiQNtYb+ROw="}},"ngCE9Rl8yurB9HMO1USfvZmlDGAJJCfwmaWzsouksKo=":{"valueMac":{"type":"Buffer","data":"xvtVIO6IxEPqYPG/glee9SkeHfZpOEz1rdvf3uGJjUU="}},"OPGfeckpfhP8ZCUpR9z4fvXztvhKaQ8fiTVF0Wsq8sQ=":{"valueMac":{"type":"Buffer","data":"vgLRnyEnMTSFV7b65gvuv+6waG/yrrfgtNRhiL1S+iY="}},"sfpZA7u1V00o3+HkolRacCBvRYrKx1K8+OBr3TTAqFo=":{"valueMac":{"type":"Buffer","data":"o6U4EYBAYZRDJHHA4lpYQKFf0sQ6O9OGW63otqftEDo="}},"cB3MMSllx+TqF7tFlpfGuKUWezpaGJoYEal1jEN5SKo=":{"valueMac":{"type":"Buffer","data":"EIBh8FpIC1XYYKeqsdiex3px/Zs6+T3fXm7hry8npWk="}},"+2/QJ/pnVYWUdF55GCbokHVJTc4pain8pXpUcJiYA2E=":{"valueMac":{"type":"Buffer","data":"oKq2VNsvqBv6OhS2dxgW4ucfUgl1n7Kg70sOfNB1woA="}},"WETdM5M1He5cSrgwZf7UFDno8P+26CoDPQHkZ9Y6yog=":{"valueMac":{"type":"Buffer","data":"8sPBRoRM8m9YhxoXxEvF+x3lC3hE/JkIs/7t7vccxi8="}},"DS8nP8Rxn5W+CMgoKYJuobn1YIyO/sbdF9/AqDtscVI=":{"valueMac":{"type":"Buffer","data":"k4lG2JBDdPQ7h3tqz9yzx7XIfxQzK+abfyfDMl0948k="}},"ff+yP4z2D4mDWTt6DfUYw8V5jFzxKVDsnKy8cUCiy0Q=":{"valueMac":{"type":"Buffer","data":"qIsDqcSwOAXRFADE3Bgq/SY3e2aDn70gpQhGsBMcaLk="}},"lSsbycjlyv6jZ+h5wG3Lfgn28Jk9TOi+oNufGzpWSO8=":{"valueMac":{"type":"Buffer","data":"hzm+6PctPhcgqKuYA2Mk6r6/SFZHRUaLgKOaIZ49lTs="}},"dd5BklXNXy4h65BjwI30AJcupQga4ybQqHYgaPSkWeA=":{"valueMac":{"type":"Buffer","data":"LnXKng0OMfCQNyN5yf2deQkWsx7nE7JCLywAG6rT/0U="}},"g/OhZ3stXcyQKeS6MmiBY0iP8v14DrQ6dLTnW6m9F8A=":{"valueMac":{"type":"Buffer","data":"lcevp0USUXo/mfAxmhMHoQ2E4uEo6A9viXxBY4VIGTw="}},"H1oOdPY3iW1zVXyBZB5xLoG+0tpQujKoQ8JUt/dso1Q=":{"valueMac":{"type":"Buffer","data":"GwvKhuY788DXsWHs9NqwEWWXOCuXZbBDuftEMyAaG5c="}},"ZWYdrQFz79MXy+VYcSFI+W+RirWSQHigPlafNCd98W4=":{"valueMac":{"type":"Buffer","data":"l1gijb3SKFH2d6TXZmJCKmWbfq4hEWR5+5357LRuRLM="}},"8+1nTpwtnPErWPRbVD0JMXnLJTzP0Cibtxhprp1PX8o=":{"valueMac":{"type":"Buffer","data":"qglH8DtKoBXHb/qny7u6es/cYa9R6ALnKFf+8LhQAug="}},"AuR8evisTjNNTvapVo7bPko0UNd5KQmYh79psEtrq7k=":{"valueMac":{"type":"Buffer","data":"RqPY2GnSwmaamfAaDdFEHgDV4vBDBwQ7kMJpv9YekMw="}},"R+3OiR/65KZzfGYGIGOofSlNVRkyHG1TftYlc5LVfP0=":{"valueMac":{"type":"Buffer","data":"CIzeqbhcBTF2THmIsiXhNX3zOlNfmqJ/vdbr4FaMCSE="}},"Zzq6rS6adoGNrvjx421VZzEKtOEC/nQrkXXby1Yc1+s=":{"valueMac":{"type":"Buffer","data":"JVMoJ9AY2piG9o8n89OOjPFpXEdHQkkwslOt7owTTYs="}},"+DtBu5KJTi0kKnblTQ9rAE0X0jNhtVhCjv8Q5g1JBxg=":{"valueMac":{"type":"Buffer","data":"7y4tv6NwaKJ5pQAAitD9rWXgDHC6uLp8irrx7MH9lIk="}},"ibsDPcdrr59kBHUAvUUNDZZi4SyGDeynESENHf6RNqA=":{"valueMac":{"type":"Buffer","data":"WvhyixsWOIfuUuvLsYVhQSnuD+bDHxFKdnsWvjLpa9k="}},"sOE8Nzk3JMwGJu25CXF1t8W9zD1GvJVSwPjNo+OVaFs=":{"valueMac":{"type":"Buffer","data":"clwhG9213LNFb7PEDWUhPO3/JKAAidmcG3S/8bf/Wu0="}},"+fs2kCfVzPED+7uu4McEMf+kmbLkMFSdiRBhAUHzf+s=":{"valueMac":{"type":"Buffer","data":"+4rxqzdRCuCtaqjs5mZwdDRV5z6EbW9foPIdU6QDFOI="}},"N54qFPIas/N/5FyTQVEvJoolIP0RILWZQRvQIprdUkU=":{"valueMac":{"type":"Buffer","data":"9Nl0fCJ3NMOMglVUlPLZXdexUW5YPtXmHbCDEeCcubU="}},"hNfvBdFwzv4LJh1VE7DVm7AqURQIT5YDTnhhMFtS4PA=":{"valueMac":{"type":"Buffer","data":"NjUz6zsOm2d6ryi9szCvLHKwVjk3X27G5eQKzLCAz8Q="}},"rP1GZ57hxI4lrz5AG5w1NfA0egm+2F17V5HY2WgqcHA=":{"valueMac":{"type":"Buffer","data":"hItJFSQ0KW/WJtFpB1pYO+2j3Za88pz/3U4B5vQJVo0="}},"91+ntFj0nhblFrI6w/qYoEpVJVraNh979oa4US8LIz0=":{"valueMac":{"type":"Buffer","data":"IdTeFhZnNzDUR8SkHdapfQIcV52MLWu7cErxHnONotQ="}},"LB682xJjr6NXIcAJXRvC/0v06gt4L4eTuYlfeKM3x64=":{"valueMac":{"type":"Buffer","data":"pOBVa/qoKgxXoi79SqGx50smBZQnwXX+6st+73piSls="}},"TCxkU5x4VExdYtxVo1bpbzGofTxQLDE6fOS7vOY+rAc=":{"valueMac":{"type":"Buffer","data":"yjEIYI/d7/8LuManSQnzVYyYHtBmk5aiqVZEMadk9rE="}},"4q0DvX4D3WP1EHoJo4uNHOVR5E2hXKr5LxpIx/HmPnA=":{"valueMac":{"type":"Buffer","data":"UvyHVjvt5FHOdFS6644UizdaqrgpDwkBzni17+UZh8M="}},"rh/1ssKPBA63nCXrieoNEp2/jRptHzajlSM881LN32o=":{"valueMac":{"type":"Buffer","data":"8eI3MDZc7F7/7UJeHnANZBhI1IdI5fKWq7B76qNqKeo="}},"Ke6pFoyOMNmuV1WC5a36c4hFfaiBFr3cvMKGD2IVeiI=":{"valueMac":{"type":"Buffer","data":"vOxgwcr1Q9qjwhhIZyg4lntTFhhnS2x9ifW+KVONaII="}},"bSOa+St7prcS8OCXRSpaFFf6qSfWCW3p8SB9g9t3Pyc=":{"valueMac":{"type":"Buffer","data":"PJi92hEjY+nFjubNIsQIZ8OyP3kRW4uTwYlzDCgDVnw="}},"qXRwSPGY0tGPwL/3DVGwm553Pi6oIv7Ms7alcDkP2ZI=":{"valueMac":{"type":"Buffer","data":"+WwKEfxCVcpcbMrexZfUN4q4dVeCFhZejPZC9DMQdl4="}},"B7Y08dkBgmN7H9ji0A2hJjbhFjk8A6T5zVnOt4hV3fg=":{"valueMac":{"type":"Buffer","data":"BXu9EzzWxgb8qnGHJfbqcjNJOp1ECVcT24IoXE8ZX3w="}},"f9hKJRqUc/gdGNFibHt1VWyjZG022esQDzphwvro/OM=":{"valueMac":{"type":"Buffer","data":"6wULRBAcGN9e8Iow4IgOZq+6CK6eEE6SwQWk6xcm0cw="}},"sTivYiYK/hYOMaRxcwNAKclU/AR8Tu9RpEbWPejXnu4=":{"valueMac":{"type":"Buffer","data":"N8G88WROiLsZAtHRQUgo79K0E1Y17vDPyzqQkd5Ag3A="}},"7SIVw/YMaWXUC4soetcHqk98etDQjSvN/df5ARHzbYo=":{"valueMac":{"type":"Buffer","data":"m9LGWVWlTm4KlFntlZQxns8jnB7eS9Lbzx2m0dmXtA0="}},"EFZhhvQhuUUX5C1vIpmUVenrF9brBH06a2FsNQYtwGw=":{"valueMac":{"type":"Buffer","data":"ssjTnMYXMyvflrenIWeE+8xB+uzO4C+tnUTAGt4+GY8="}},"IKNC8ay5muCf5A3fyQHjRei6rd42R0IizvwAY/fx5/U=":{"valueMac":{"type":"Buffer","data":"CvTnV7wqvAyc5HsL2Q9Uaw+qm6QuxkzXzvb7IA11zXY="}},"9rvYyxRzQe6fsTP1pOtWE/lKeXy2IPd9I7OukEr/uy4=":{"valueMac":{"type":"Buffer","data":"Q4rhd/+jthqxyVhIwGv7w3K8ocBw+mKiWJGIERPQ/m0="}},"T3CeWcZfpzfE0DtqUhsY+wty6jVVeK3RWMLuOtakOZM=":{"valueMac":{"type":"Buffer","data":"Q/sWzcJSXkYyPLlOdh3lSxQPTuzJWNP8GospOA/wutc="}},"VQHe/M3z+vqRQUwZOJ9PwrPWvYmZccDeec1Ell7xMwk=":{"valueMac":{"type":"Buffer","data":"MdZ49AXeGGq5IoCRUAQmsFe51v3TxqI1Tda9tjqFUKc="}},"gSFzOFqr0qPwqwFxsnZ9Yo286zBnIh0oqgUwLMq62Bc=":{"valueMac":{"type":"Buffer","data":"ildjYdbCqKznoRPm02+j+QcdES3wk6DycNYgaiGf46M="}},"uU3LjT9tmfF7HmtnhKrQSRhyTBzNRdjk9X1J2bB8rEo=":{"valueMac":{"type":"Buffer","data":"9Xd6g7pLwgCAlt7VADzudiBxr+LZq+y5Jw6eFQdtBvw="}},"8WhuFZ44/8HYuzHlqkmyYmI+Bbwjywu6WtIgHPHOx4E=":{"valueMac":{"type":"Buffer","data":"mjQNhi93CsfhoPNg2mh8+1pI2EvXlr48z721MszO4UQ="}},"PBYezhmMxj0wlNC45Wf1ax0tYrCRJVeNF3OqmEllPeA=":{"valueMac":{"type":"Buffer","data":"GH5+cEcbRwhRYh+RbO9GDmbrfbffGQMVEG0ji5Cy5ic="}},"N0GhRl9RU4b9wXX1HSl0ADm3NHFHSYmWy5YDLwiT4aI=":{"valueMac":{"type":"Buffer","data":"zRBUgg0IJ5rnecqV2ut12BaN/+ZwAdtRbd/ugBOQFD0="}},"vWqI7WSRlbWoVhJUJzu8OltfUQs2axuntbSBS31muZM=":{"valueMac":{"type":"Buffer","data":"y2tSW8ofUbNNHOJQ4X9BQ3bQGuvu898lpSefaQ4UA4Y="}},"VyNyMqEJwTKEEZctFyXOBsLV3EJ1z2eGhFdDitgT1Mg=":{"valueMac":{"type":"Buffer","data":"n6VqcVNnUcA8FFVy4MdRyl8+ZtxwJGDISLNSQYdt7fY="}},"sHJDmJdpgEB7ypT8y3dYBqkxcBzvkgV+dr4KBz5uObU=":{"valueMac":{"type":"Buffer","data":"EEK9EpfVLViQuXX4tQfjOZu26ixxhkzYRsfQyM5yW0o="}},"aXW8avooWNSwgYT41bGhdTOE/XEyhNiUWmBjDuD1mbc=":{"valueMac":{"type":"Buffer","data":"ywrFn0wRsaqHsmangCzMMX4Zs9WoJUB1jN714KMfZ3Y="}},"FlIznwJ9wTMiw6rJ9lDNw8vG4n/ZP2OP8bbZ8LYF2fU=":{"valueMac":{"type":"Buffer","data":"xNwja25VHRr+tH3q5wNWvTKIzVLQLGBkOAsiLSQDuUM="}},"I9bupfjGEaycm4cJm89Vfba1pnghisvOouIxpgA+IxQ=":{"valueMac":{"type":"Buffer","data":"+OU5C/IIY2eraFqSJeRQ5tySYjBgLGgh1/yS/v6k6hc="}},"YAUAli4DgNk5m9uf+SDspbc945Gdol7O76iCJAGXJQk=":{"valueMac":{"type":"Buffer","data":"LpTPzuRfBbLY6vUr83PhgHfxhl/us0o5d47NGpOwupA="}},"uIvOLFrxsDI5dZIKcI4TWk2mNfUOMdS4JFmqU4aUTcA=":{"valueMac":{"type":"Buffer","data":"ZtFvyZWiMYqsRBTpypmhzs63HC11CCblY3XtzKnoPhU="}},"52o784PWx384rQ/zjLvo5kpnpku71mxOuJq3AOHIl/s=":{"valueMac":{"type":"Buffer","data":"mSmCSu4lkdQWh22hOpWjrI/ROOlyDoMqw7PWCZ9799I="}},"D3nUpHgDwzwCXh0BB+Rn8jJjdp7uHhO4rmA0dP7gZOA=":{"valueMac":{"type":"Buffer","data":"ea0NG0B6js+oc6ba/wukt0E/DpTlKuM3LdzRstov5vw="}},"bEk7ERLMER4E2Ok9hvvicuukP8BrrnaD4EoxA5Rdjs4=":{"valueMac":{"type":"Buffer","data":"/Q5TimOcnYD2N+3I4THxwTM7YSBXcDWiYS9Byyn5MGQ="}},"y+BhKXtthGESpoKfvd0X3i8jcD1UMzLLX0aTSO0JkqM=":{"valueMac":{"type":"Buffer","data":"vpIkOINDDB4AjB8k0gCslNSC8eo71FFbHZke/Yslm2U="}},"7OJFqKK+NxMBOWqvczZfaIzpsmt4yLZZved21qikCBs=":{"valueMac":{"type":"Buffer","data":"3RRfx4EDIAh1W/HoaimldGHTUV0/Wm79zpjoCFqabtY="}},"FxAQol9L9I2MB/gjE2FP6LwqiknfTnqY80K76kZVPAI=":{"valueMac":{"type":"Buffer","data":"+BHcMsGIHHqVxitsDFqc7VuSnJ3oY8fdl1Fd3/4zXXg="}},"UnKIaGruDhXLWTaEb3cc26XpgRqJEP5295/Ml0+BUa4=":{"valueMac":{"type":"Buffer","data":"wDcQI5oMmsRH0VaepFEfnQvNzlcswR7VrONvXMT9tVA="}},"nPrulaXlok3M4O8Gw4ZAD9RpA7XxMbwIsIQYJoIMH9U=":{"valueMac":{"type":"Buffer","data":"YfXX1e8RKfgX3F2NLfVIT2oC6s+Q76lmoOVtbux2K5I="}},"+8RXuoFESBHmK133HstPGxhzSmt+NVnP3DlTl1ruxKk=":{"valueMac":{"type":"Buffer","data":"NLJJAfpA4aaxqz5ji/51OiiigYbMAbc9Zg3Buo5uuYs="}},"S06VwFaFgQJEfg5IXke9gIQ9gnQfZUaLq/kWz4sP+d0=":{"valueMac":{"type":"Buffer","data":"teXG2Qlg45fPi8nLSsZ152Pgo5OhpIyWWY+uVJNgYrk="}},"Z1i2T/yBBIddU6GJu5EwiP7M6Ap8yqxrVB+xUGombmA=":{"valueMac":{"type":"Buffer","data":"C/rJKb7JM2Rh9GIuLDa9QliQ5WaccWH7qVXMsdtvHqM="}},"3s6/u5ssy9emtQdfUaisezFcUQunH9duLLN7Omd3Ijo=":{"valueMac":{"type":"Buffer","data":"i4rvYdDOV9Z/cCnG2oWqu9Q4H4/6Yh1fZPW4EFl3Tnc="}},"9dLIZivSZgWiSCnlKq9mPe08ffS17TgauXrq6mW0J9g=":{"valueMac":{"type":"Buffer","data":"lHqjX2JYVlfZA32g4Nv9dXl8Sn9yStGRjb2cvX0lNSs="}},"QkHdm0ldgfAcWSNc9vZ14v2jf2zeMijuh+TVeK9n8mM=":{"valueMac":{"type":"Buffer","data":"mc0rg9i7y54PewU6kfjSncn+7TANpbcNJ6Su2w+tdWk="}},"arEvTLX3jQF3AvG5680ymVdwpqpMPXrX1yfoZLJcUes=":{"valueMac":{"type":"Buffer","data":"s4hsimP+FPYSCLHY5f3twHGWBhhoHhc9a7A02Bp9Pak="}},"6jr0Aqv2lL30F2d3QQoMww4GbcY5buLmf6uoJQ5vRMw=":{"valueMac":{"type":"Buffer","data":"30TMz7rGYAB+oajcT9AMSo6uOiO5sUMAHYgeaCC8N6g="}},"bFrQdjzsDnAlhoUGhV1f09Mp3EHJsmlBrRpCkyN5I4c=":{"valueMac":{"type":"Buffer","data":"ngJN8NdFv9eT6LUzPhPO3zBBdbuugByRhWxZcBkAYPQ="}},"yh0fJpMS/jbLsl7OdM/EnvooJezreWiD6oKnhZNGpXw=":{"valueMac":{"type":"Buffer","data":"bAxLHwKqiLSl8jCCy4ZoflkPm60toQLBy3WKvIseA6o="}},"AZyKsfndOIOgN5SpRKgP3h69PIrrbzvJIIix4b+Y0Ws=":{"valueMac":{"type":"Buffer","data":"RA0iDQ+qPrL/5HSinv5a9vy0LHl1Zx1D/vmjv04xEyk="}},"xYRbEoKu5cGlrH8T+5z2fJvP2HNpLLclb4uM6EnS2TM=":{"valueMac":{"type":"Buffer","data":"IjN+NXyRPfe87ZU+hnHUmSQNKy2KtHe8b+uA2tEFO3I="}},"PLPHSHzOHheNgpubAIr4uxtJjTAeX4rWGMF0awx+ruU=":{"valueMac":{"type":"Buffer","data":"EwlyQ1jVmAeVN3OA6UYZg9Rgjk1Keiaz3SoO8ObbQXU="}},"6Mc4tJ1klZmajg45nC1ckCPPNyZ466dwjvMYxJ/I+nQ=":{"valueMac":{"type":"Buffer","data":"P9laUj8xcx4M18+e6vlNrl/0BHKBPbBPcd1jaNe9+mY="}},"XZFg+udqx8RvY1sZ8TMMCDPTn+NylaZvDbf8OG5DtPo=":{"valueMac":{"type":"Buffer","data":"VAs7gS3JBpKfbhEnpGHUlgizgcoxHrB8ZfwGxsqpeCs="}},"Ec5ln/riuKtGZSLlpkr8WY0NNTsQpjEA5G7zK8WgNv8=":{"valueMac":{"type":"Buffer","data":"IE6VCWb66V0Kj52qNhPmD4QX0vj638VOeaGuYmwOygA="}},"ZijDmirzIsHryDec14tiomu4SZ44bZRCVGlY/rr+OtM=":{"valueMac":{"type":"Buffer","data":"iVcLKt3nsI5d8wUVTuyE+NOrMQcT5uN1Z5KEUZH5QxE="}},"Zd2YTd9dxRPVC5NyGj/q67pT9ZjRV3YDzs4htTER//w=":{"valueMac":{"type":"Buffer","data":"MnNvz16jkg4LnKMd+HfnC7wyShJdmyrnPTmpdDJsLPQ="}},"ivsAmac1DdTZBYhjWclAP7JGG3xClveAd1DD6QMCxuI=":{"valueMac":{"type":"Buffer","data":"14sdj8K5/M/gSikC6rdmR/y+7ZcMTEyHtmQLC4Zer5k="}},"gyB1rcFCHpYz+vbMrrgFKmAgTFYiiyzMIdsgvQESlEk=":{"valueMac":{"type":"Buffer","data":"CpFHv/mfYY34ytAnIRdjGO0Xd/Nkz+T23w94BXHyH9k="}},"0rMabFIVHWoIwgL5t4minLP/39Ob6bep4z2xQHN7CjM=":{"valueMac":{"type":"Buffer","data":"Aj8V8mB7CWpzkATEQ7KovZ3oOAuLwsy/f8zmyL1mUjM="}},"8fJOVYgjmmOLCpe5VLKKFGCtOnw2jnU0baxIuREY4gM=":{"valueMac":{"type":"Buffer","data":"EJpR6z/s2mSG8yw0sDGNmRWxS85gqpzA6QglZWas/UY="}},"7eQC3eKEM3fDlqURd/Z0w941dLy5EC/W5qTtOdpNzhk=":{"valueMac":{"type":"Buffer","data":"pawIxks5FJD5TEcK+rBQI0TIgYudSkljB4JNgnoj+zw="}},"Hn+UKVg2fDF65mvAnBkgjMF4eg/qXKKJvYU3py8V+4I=":{"valueMac":{"type":"Buffer","data":"RrngqN66AQKuGzC5X89JXLtj9ubbwALStXUF+WIPeVY="}}}}