{"noiseKey":{"private":{"type":"Buffer","data":"8Pzx7F+ukpip98ElfZSXjMFrZejF91M+B8l0CsFkJG4="},"public":{"type":"Buffer","data":"15at691y7iVD8CUYzMmhY2CIyIfqQbnri+DRv1K8U2A="}},"pairingEphemeralKeyPair":{"private":{"type":"Buffer","data":"2MBugpCqKcpPylLYMhMYMQ7FnPEr5xhF392QXCj9Gnw="},"public":{"type":"Buffer","data":"81sWCd+twGsqp8iL0oAPpb6FhivLY82/RGgh8XOLkAo="}},"signedIdentityKey":{"private":{"type":"Buffer","data":"WHNc0KkL6kLOvHTPFF04MqV2bgNvR3ZPULSYbMpK+Vk="},"public":{"type":"Buffer","data":"3PgOqXI6vnYuaogKVqBBgWdyu9RPtCZ/CQ8c6xzMujM="}},"signedPreKey":{"keyPair":{"private":{"type":"Buffer","data":"8MBRALYJjPkkDbPhH4RpN8wGT1wUkOBjsDn7TS/Cz04="},"public":{"type":"Buffer","data":"3LLU8FSSWeKslQvfUVGDkPEFrDG0z8+Lf8h+Um5nVg8="}},"signature":{"type":"Buffer","data":"swSWDVcTDkEr2GLR1LCHGg9T5dF+GTF1+fSi1lzfQeCFVH3G2GWl/N/52B3kaczzJCjhD3yJVFa5qwKTUs6WDg=="},"keyId":1},"registrationId":186,"advSecretKey":"8XKxNDNxUNwoPBguRVEyRj8z8Vmn7p/mTof9oTELINc=","processedHistoryMessages":[{"key":{"remoteJid":"6282176236136@s.whatsapp.net","fromMe":true,"id":"F4615B5B28155F91CB6BA2CFE247B26E"},"messageTimestamp":1740898651},{"key":{"remoteJid":"6282176236136@s.whatsapp.net","fromMe":true,"id":"421184FB756AA9759E1198AA7F88F3A8"},"messageTimestamp":1740898652},{"key":{"remoteJid":"6282176236136@s.whatsapp.net","fromMe":true,"id":"28E0EAD50ABEBFE896B6987768D2C794"},"messageTimestamp":1740898668},{"key":{"remoteJid":"6282176236136@s.whatsapp.net","fromMe":true,"id":"D29E9D534881B424AE95F7A29CDD5E12"},"messageTimestamp":1740898681},{"key":{"remoteJid":"6282176236136@s.whatsapp.net","fromMe":true,"id":"1D05EB88BC350EFEC84EBB09A9BFCC91"},"messageTimestamp":1740898683},{"key":{"remoteJid":"6282176236136@s.whatsapp.net","fromMe":true,"id":"8ACF194927D3A75BFA7BCF1315B7F4B1"},"messageTimestamp":1740898684}],"nextPreKeyId":766,"firstUnuploadedPreKeyId":766,"accountSyncCounter":1,"accountSettings":{"unarchiveChats":false},"deviceId":"Hb35UBLLSImWO8M1pP44BQ","phoneId":"77048321-646e-4962-bf56-acd5454cb873","identityId":{"type":"Buffer","data":"vkhxZfb6d/2vRW9+XWof6tTEew0="},"registered":true,"backupToken":{"type":"Buffer","data":"jFhx7Z7bXC4ZC1N8OlxP5df5KlE="},"registration":{},"pairingCode":"NEK0CODE","me":{"id":"6282176236136:30@s.whatsapp.net","lid":"109543728148608:30@lid","name":"b r a i n s"},"account":{"details":"COTTorQDENaCkL4GGAEgACgA","accountSignatureKey":"UDQoLh4HhpTB+UcpVetEu5341T88E72DJ5faBoTeWhw=","accountSignature":"ns1vO/gq68h6zE9jVdL7CUyXItv0DJz9FXY02Zgm6uTJRyukHRinZfBnmQuXj/66ZD6WKnzh2N/qklH0CKagCg==","deviceSignature":"lHico+NH/RduKgYoEzPOgf0MilXeHarH8L11uQXzKDylg1aqUe0BiQOiAsg1Emq1fbRjyaxhJnfrprdme1iEDg=="},"signalIdentities":[{"identifier":{"name":"6282176236136:30@s.whatsapp.net","deviceId":0},"identifierKey":{"type":"Buffer","data":"BVA0KC4eB4aUwflHKVXrRLud+NU/PBO9gyeX2gaE3loc"}}],"platform":"android","routingInfo":{"type":"Buffer","data":"CAUIEg=="},"lastAccountSyncTimestamp":1741473155,"myAppStateKeyId":"AAAAABTs"}