{"noiseKey":{"private":{"type":"Buffer","data":"IL0ifsAbuutRJoykxYCL422/A3mh55r7YrC72iH17EE="},"public":{"type":"Buffer","data":"VfeJynEZ752zwp6LACpATR2xULew/bqnzRHrVt2QNQY="}},"pairingEphemeralKeyPair":{"private":{"type":"Buffer","data":"qBIj9rxvoxEWKefP6NdQUN04sCpZQb5B4rolYgQBvWo="},"public":{"type":"Buffer","data":"lX67v2iv/dqVUdn8m+3y6FC+Tzkn3Ne/lTJSfGSeeEo="}},"signedIdentityKey":{"private":{"type":"Buffer","data":"wLi9GeOU5Clknagjqyg71S8IqyyTHYprk5nTlJEIzXs="},"public":{"type":"Buffer","data":"iRBWRoLvLiz8tz7V4dsUjhNATYvtC2j6GVQ5fje+0B4="}},"signedPreKey":{"keyPair":{"private":{"type":"Buffer","data":"qJgxJOCjBwlxE2u9b8CRTHhlB1/6aMKc02XiQwX1oXY="},"public":{"type":"Buffer","data":"ofXJPiSOhJFb1JR1xVUpJ7EmMJR1PoUDfYdd0UlcRCU="}},"signature":{"type":"Buffer","data":"+RFJiHNtjzJySpvj4dcjg2WGm2Ip0DyzN+VsDl810rd+v0GvtyRFv3EgBSt6nv31dMOyrDoQll8pfp7oWgP5iw=="},"keyId":1},"registrationId":205,"advSecretKey":"cTDsEkbVcHRTSfEjPraseDx9AHttTh0eBoQXgQAJNsw=","processedHistoryMessages":[{"key":{"remoteJid":"6282176236136@s.whatsapp.net","fromMe":true,"id":"170161D8115509BAF0FDB759AD161B19"},"messageTimestamp":1751193038},{"key":{"remoteJid":"6282176236136@s.whatsapp.net","fromMe":true,"id":"D370B7633F9A3B06CA3DBCA000A4D7A0"},"messageTimestamp":1751193039},{"key":{"remoteJid":"6282176236136@s.whatsapp.net","fromMe":true,"id":"9A125C8F256A3C3BD819B7650CC25875"},"messageTimestamp":1751193054},{"key":{"remoteJid":"6282176236136@s.whatsapp.net","fromMe":true,"id":"F5D11D9414FF72577320106C254435D0"},"messageTimestamp":1751193063},{"key":{"remoteJid":"6282176236136@s.whatsapp.net","fromMe":true,"id":"11CAD3675C931771E102355FA5E24501"},"messageTimestamp":1751193072},{"key":{"remoteJid":"6282176236136@s.whatsapp.net","fromMe":true,"id":"0CAEC2D93E98782E449B0CE945ED0885"},"messageTimestamp":1751193084},{"key":{"remoteJid":"6282176236136@s.whatsapp.net","fromMe":true,"id":"A2E1A4551CD096F7E4C45D924FB515C2"},"messageTimestamp":1751193095},{"key":{"remoteJid":"6282176236136@s.whatsapp.net","fromMe":true,"id":"476EE1A6BECB723C70BC55F45F9C0EF9"},"messageTimestamp":1751193102}],"nextPreKeyId":108,"firstUnuploadedPreKeyId":108,"accountSyncCounter":1,"accountSettings":{"unarchiveChats":false},"deviceId":"aF9YC8B-RDGFFZa4Qp0sBQ","phoneId":"211b1aae-0e41-4f1a-b6e5-9f08604dabdb","identityId":{"type":"Buffer","data":"TPhsYh4PcOiXAL6MYo2pd5rBU0k="},"registered":true,"backupToken":{"type":"Buffer","data":"n/niIBhYFuw+QOAKE6tn/oRNCLs="},"registration":{},"pairingCode":"CVLZF521","me":{"id":"6282176236136:49@s.whatsapp.net","lid":"109543728148608:49@lid","name":"Helper."},"account":{"details":"COjTorQDEMqrhMMGGAEgACgA","accountSignatureKey":"UDQoLh4HhpTB+UcpVetEu5341T88E72DJ5faBoTeWhw=","accountSignature":"HAzwhgJLaGmx/f6t6fabC86qgrFHrSXQSXh5D/JsWe5ud2iHuGRzHfH4BWFM3IN5RU/EnxWvjHwRlepKNflhBg==","deviceSignature":"/PKlINKvDDzYsrWh40lEZ2mNSxdUSbPIsg+YHNlZnyoIjXCavL3tQmnHDv4YAIDWKTgl5Rtrpom21q56oinNhg=="},"signalIdentities":[{"identifier":{"name":"6282176236136:49@s.whatsapp.net","deviceId":0},"identifierKey":{"type":"Buffer","data":"BVA0KC4eB4aUwflHKVXrRLud+NU/PBO9gyeX2gaE3loc"}}],"platform":"android","routingInfo":{"type":"Buffer","data":"CAUIEg=="},"lastAccountSyncTimestamp":1751195120,"lastPropHash":"1K4hH4","myAppStateKeyId":"AAAAABUE"}