{"_sessions":{"BRWI3O1NiZGOp8rGXM+yN6ZURm8+nLp0xXzhgljFdV9Z":{"registrationId":387421767,"currentRatchet":{"ephemeralKeyPair":{"pubKey":"BT08z+fOkJLoE4+EoqBJ2m1eyrNPvNXSehM7m5Q5rz1e","privKey":"gA0bLzjs6NL2ZSkhK4MTjLHqNn4FGj7qoPte3wkB+1M="},"lastRemoteEphemeralKey":"Bdx3VtURnUO/EGPlq88KIJ+FsI5EYfQIFKTbwOYfIHkF","previousCounter":0,"rootKey":"Al8eOCftDCQ0YFxC1xpe8XZYn0ZurZEklxTHyyzL5iU="},"indexInfo":{"baseKey":"BRWI3O1NiZGOp8rGXM+yN6ZURm8+nLp0xXzhgljFdV9Z","baseKeyType":1,"closed":-1,"used":1751242139754,"created":1751242139754,"remoteIdentityKey":"BWeFL/ZS9mvtrGQMvjtic9x6aNZSPNUcMPQuvOspmrNL"},"_chains":{"BT08z+fOkJLoE4+EoqBJ2m1eyrNPvNXSehM7m5Q5rz1e":{"chainKey":{"counter":2,"key":"7xECj1//A8iMnrmMN+gq+bi5CXl0Q8FVIKXYpC/8qsE="},"chainType":1,"messageKeys":{}}},"pendingPreKey":{"signedKeyId":18,"baseKey":"BRWI3O1NiZGOp8rGXM+yN6ZURm8+nLp0xXzhgljFdV9Z","preKeyId":3132533}}},"version":"v1"}