{"_sessions":{"BaHJjw9rqwYkOs+BjDxwPLhdC/iz6QSmoh6p47QTN20I":{"registrationId":984267308,"currentRatchet":{"ephemeralKeyPair":{"pubKey":"BVsK1rC7umcxA71cO+3MxHvtvwoX/crai5PE6a7+JlRY","privKey":"6KgApaTNONd+I/3VuvSFwHsyundodkN7EtkcI0MgpHc="},"lastRemoteEphemeralKey":"BZTu+/4pcoji8hFGFi/b3StQhQM0JxE3ea1Z+GVGWz0a","previousCounter":0,"rootKey":"YKWQSPY0M6B7A0D5jW2MshMGFsCz+2S6l92eV7yA7pk="},"indexInfo":{"baseKey":"BaHJjw9rqwYkOs+BjDxwPLhdC/iz6QSmoh6p47QTN20I","baseKeyType":1,"closed":-1,"used":1751242139664,"created":1751242139664,"remoteIdentityKey":"BXymTnvIXqhO8r8B4RsF6w7sKJGnDRAkzY/S7faTRmAL"},"_chains":{"BVsK1rC7umcxA71cO+3MxHvtvwoX/crai5PE6a7+JlRY":{"chainKey":{"counter":2,"key":"w+QRpmQIzYMR4HRWZdla9BlWbNNNrS5FVFP4ebdsYcs="},"chainType":1,"messageKeys":{}}},"pendingPreKey":{"signedKeyId":5,"baseKey":"BaHJjw9rqwYkOs+BjDxwPLhdC/iz6QSmoh6p47QTN20I","preKeyId":7741839}}},"version":"v1"}