{"_sessions":{"BYL6cIEG55og5JVpD1HIUB2ij4jhS4OWzSoRx8K1zMVN":{"registrationId":1518324589,"currentRatchet":{"ephemeralKeyPair":{"pubKey":"BerCJT2zpHobVrRyXgy57B2xMkXSgdsrkB1UWp20XDU0","privKey":"MDspdNjhmwy8O30Ss6gb8iqkMkeMy4JOq1ax8AmPFF4="},"lastRemoteEphemeralKey":"BapSOo5JPPot4iD+f8iuEvON4uMtIWCmX50/ERSntm54","previousCounter":0,"rootKey":"5X7XV41hj/wpz1h/3SAK0F0UP3ZxaZpqInwqRFzkdK4="},"indexInfo":{"baseKey":"BYL6cIEG55og5JVpD1HIUB2ij4jhS4OWzSoRx8K1zMVN","baseKeyType":1,"closed":-1,"used":1751242139633,"created":1751242139633,"remoteIdentityKey":"BULzRkEfE00PS0lB7UpcNUa+jLlwqioxRcMg8QAy2SYS"},"_chains":{"BerCJT2zpHobVrRyXgy57B2xMkXSgdsrkB1UWp20XDU0":{"chainKey":{"counter":2,"key":"o4LdGbJqKgh70fnRkIqOlG21pou6Lco3VxlcMZotXFA="},"chainType":1,"messageKeys":{}}},"pendingPreKey":{"signedKeyId":3,"baseKey":"BYL6cIEG55og5JVpD1HIUB2ij4jhS4OWzSoRx8K1zMVN","preKeyId":6474733}}},"version":"v1"}