{"_sessions":{"BWvP3ztJFXUtbOEJIbECRYoBLwIaSgMMdKXbaoAOFhVe":{"registrationId":681745385,"currentRatchet":{"ephemeralKeyPair":{"pubKey":"BT+AvL8bmhY+oau7hdgfOHV/gA59cq+39IqMZLs0VTV6","privKey":"oFdp+I68wn90vPFxHHkQWfiT08QTReBXibpkbuIh2nI="},"lastRemoteEphemeralKey":"BbTHyPlnUgTYk81SNFVYHo6X2H7S6dEUQ4UVt+uF21QH","previousCounter":0,"rootKey":"chgnEXPdRNvlmW9zs00/+mxRoyMO1AnzX3g2glHGZqs="},"indexInfo":{"baseKey":"BWvP3ztJFXUtbOEJIbECRYoBLwIaSgMMdKXbaoAOFhVe","baseKeyType":1,"closed":-1,"used":1751242139784,"created":1751242139784,"remoteIdentityKey":"BWaQSL8ChNVRu+4xtvcJy2tQU1EJxpC/RPWlyGxQLxR6"},"_chains":{"BT+AvL8bmhY+oau7hdgfOHV/gA59cq+39IqMZLs0VTV6":{"chainKey":{"counter":2,"key":"nn/aqy3eMOERal2VgWFwNMrHPu4uRj7aDUabgs2EhGw="},"chainType":1,"messageKeys":{}}},"pendingPreKey":{"signedKeyId":20,"baseKey":"BWvP3ztJFXUtbOEJIbECRYoBLwIaSgMMdKXbaoAOFhVe","preKeyId":7616099}}},"version":"v1"}