{"_sessions":{"BTVY2MHlJE1Z2PvXQDwUQyASuwOvLitUuevztJAoyeID":{"registrationId":1299294732,"currentRatchet":{"ephemeralKeyPair":{"pubKey":"BXasF6bFKjzN0ipsIxAl4WbNphxJ/ZV9N6WqqEgXIHpx","privKey":"uGGB2PHDvgJtQRg21M9Tv+Ef5p7KpwyyrtVQr9cp9W8="},"lastRemoteEphemeralKey":"BQUxdsgEqHBctFOc7S9uI19nmdxMMf5VIVRXqjFAKp9c","previousCounter":0,"rootKey":"r5iur2C6nb8JCh67JL9F8TwZizuGVcvBX+0x9RLowNI="},"indexInfo":{"baseKey":"BTVY2MHlJE1Z2PvXQDwUQyASuwOvLitUuevztJAoyeID","baseKeyType":1,"closed":-1,"used":1751242139740,"created":1751242139740,"remoteIdentityKey":"Bfy0APQAFyyn1t5y22DvKYPsR6O6KZWcERqjZdzyWvIa"},"_chains":{"BXasF6bFKjzN0ipsIxAl4WbNphxJ/ZV9N6WqqEgXIHpx":{"chainKey":{"counter":2,"key":"BUPZUptq+0AsdgxC8tqrWKnUOF7sZ0SCSGprmaUzDE8="},"chainType":1,"messageKeys":{}}},"pendingPreKey":{"signedKeyId":2,"baseKey":"BTVY2MHlJE1Z2PvXQDwUQyASuwOvLitUuevztJAoyeID","preKeyId":526040}}},"version":"v1"}