{"_sessions":{"Bc5W/wcPaqoovxUfNmqGu4GA8EBgoK2vpoaUlxz/NUAp":{"registrationId":1204904170,"currentRatchet":{"ephemeralKeyPair":{"pubKey":"BXvCDN6jAzOsGrl2noV7vhlSarG1W8uh6cVKZpM8weEZ","privKey":"2GuY7nYSZESyE51Dw+P3eHbV1jW9W+Dm6g+wD7RTbW0="},"lastRemoteEphemeralKey":"BX3cOrWNik7omKlXfovtqEnXOYyDIJLbUelHGfALChpV","previousCounter":0,"rootKey":"d3OCEuSny8O/tzrNlXaYD51rkY2trynlPT5JaqxHgiU="},"indexInfo":{"baseKey":"Bc5W/wcPaqoovxUfNmqGu4GA8EBgoK2vpoaUlxz/NUAp","baseKeyType":1,"closed":-1,"used":1751242139703,"created":1751242139703,"remoteIdentityKey":"BZrZkvw5cK7q+XD/6KlqN9Q4A2JnGFoPlaEHR/dYdfE5"},"_chains":{"BXvCDN6jAzOsGrl2noV7vhlSarG1W8uh6cVKZpM8weEZ":{"chainKey":{"counter":2,"key":"Z4t1SPF8u5im7X3YyeldmlbO6/PTh472ZiGIgkSCXgY="},"chainType":1,"messageKeys":{}}},"pendingPreKey":{"signedKeyId":39,"baseKey":"Bc5W/wcPaqoovxUfNmqGu4GA8EBgoK2vpoaUlxz/NUAp","preKeyId":9973577}}},"version":"v1"}