{"_sessions":{"BRdI3rVb+SAgSAr/jQb5jD6Ko1MkdrTWiScUJL5LLFNW":{"registrationId":120414037,"currentRatchet":{"ephemeralKeyPair":{"pubKey":"BazlvDdScpsZQTEd+zAU2LSwtzWCHKt+0SPeq77JxPUL","privKey":"4IEJErpKbRKd3oHbCbHKjyt2rTgSTEmOXoPA6gjpNHc="},"lastRemoteEphemeralKey":"BX06imR/BaActGLEptsX+d/Hvh64VxFKjwjyUyKGq5QT","previousCounter":0,"rootKey":"JzpkzaDHIu/7DDLxCjjJRycldPFVIxe6UiXwjKINb3I="},"indexInfo":{"baseKey":"BRdI3rVb+SAgSAr/jQb5jD6Ko1MkdrTWiScUJL5LLFNW","baseKeyType":1,"closed":-1,"used":1751242139760,"created":1751242139760,"remoteIdentityKey":"BSxTH3JEdiQwEWiAIqv0Fm7yG2kuGEkQZz8UVu74WDoM"},"_chains":{"BazlvDdScpsZQTEd+zAU2LSwtzWCHKt+0SPeq77JxPUL":{"chainKey":{"counter":2,"key":"yQxGy6NXdPUn0qaym1dizOT3TXDKMcXHWjjfHrtt9zk="},"chainType":1,"messageKeys":{}}},"pendingPreKey":{"signedKeyId":3,"baseKey":"BRdI3rVb+SAgSAr/jQb5jD6Ko1MkdrTWiScUJL5LLFNW","preKeyId":8197213}}},"version":"v1"}