{"_sessions":{"BRgby1TRn4Te98a82JEEQldMOmEXcS1A/sai1iKN3mRk":{"registrationId":1214652675,"currentRatchet":{"ephemeralKeyPair":{"pubKey":"BU69fdVCV76Z3HR8TiSZ60mLAqUJhYSutHFbO2xzoGRq","privKey":"QDPz6WztpQsP20Stem+g77v0WOmSR4PaXF008NP5S3g="},"lastRemoteEphemeralKey":"BfDGpXnc0v0SY606gWEzPAHtdMsBPWoxQMBO4X8laSoD","previousCounter":0,"rootKey":"GNHyqux3GLWbLJspwtDz9SCoZkB7PIlpF+k4xUQ7Lu8="},"indexInfo":{"baseKey":"BRgby1TRn4Te98a82JEEQldMOmEXcS1A/sai1iKN3mRk","baseKeyType":1,"closed":-1,"used":1751242139554,"created":1751242139554,"remoteIdentityKey":"BbqGGar+7MFIq1pu3QbyqZyO8CQmmkBTL9pX8qxouNUl"},"_chains":{"BU69fdVCV76Z3HR8TiSZ60mLAqUJhYSutHFbO2xzoGRq":{"chainKey":{"counter":2,"key":"nBI/YHy/M5Y/d3VK/bb3Mb8tKH8VpOTyA1Uuexim8DY="},"chainType":1,"messageKeys":{}}},"pendingPreKey":{"signedKeyId":14,"baseKey":"BRgby1TRn4Te98a82JEEQldMOmEXcS1A/sai1iKN3mRk","preKeyId":13275861}}},"version":"v1"}