{"_sessions":{"BVlfKs5BsQfrtNx3z5m2GIy5k6Yg7n8m+UUaVgoeNG8w":{"registrationId":745950618,"currentRatchet":{"ephemeralKeyPair":{"pubKey":"BZTw3f9gQkZyZGT5Yl4d+gUa97/oXqNxZzB+OCWfTHVx","privKey":"mPjYz3Oo7B/iElPgf/75x2K4dwDcwizGA6j6bzNWJlY="},"lastRemoteEphemeralKey":"BbEAX9vKY1lgZgihlrZRO97XS590O/acwrkhlfA8WJI6","previousCounter":0,"rootKey":"QIMFlCMq+iBBIeCvnsDEBBvfQl8SEw9F2oceyVe7fhw="},"indexInfo":{"baseKey":"BVlfKs5BsQfrtNx3z5m2GIy5k6Yg7n8m+UUaVgoeNG8w","baseKeyType":1,"closed":-1,"used":1751242139614,"created":1751242139614,"remoteIdentityKey":"Bb9JwJ5ih7/ehi2GB3rHAQ9lJmy9Bo5knVHxkt2urrwt"},"_chains":{"BZTw3f9gQkZyZGT5Yl4d+gUa97/oXqNxZzB+OCWfTHVx":{"chainKey":{"counter":2,"key":"dgY/KT9/G/Vc737Fw036oXhtuhoOGBWxOGJg6ovi/fE="},"chainType":1,"messageKeys":{}}},"pendingPreKey":{"signedKeyId":17,"baseKey":"BVlfKs5BsQfrtNx3z5m2GIy5k6Yg7n8m+UUaVgoeNG8w","preKeyId":407946}}},"version":"v1"}