{"_sessions":{"BZsuVscZm6ubCgYk1EkRp9AIQnT8+CJ13jRuFbL6oHxY":{"registrationId":1637105626,"currentRatchet":{"ephemeralKeyPair":{"pubKey":"BYsI6HoJjsHZi4CI3V7IsxxZhXRUoV9cKeqMqLQxvSZB","privKey":"aCdkYqjx7IsQ9V6BToGLwPvbIKBy4eEUVjFWIPwHrF8="},"lastRemoteEphemeralKey":"BT6Azwh3waYplsqdPr1Jvy07beFQPkq+2uhe+68Spc8J","previousCounter":0,"rootKey":"Brsqple17tFP0APSPyn/DzkxenQQJVcdvggitPe7fEw="},"indexInfo":{"baseKey":"BZsuVscZm6ubCgYk1EkRp9AIQnT8+CJ13jRuFbL6oHxY","baseKeyType":1,"closed":-1,"used":1751242139728,"created":1751242139728,"remoteIdentityKey":"BRT3N3hR0fdk4SJ9EW2Bnza/xcGaUntokIVr905RmgAm"},"_chains":{"BYsI6HoJjsHZi4CI3V7IsxxZhXRUoV9cKeqMqLQxvSZB":{"chainKey":{"counter":2,"key":"6jJkj/pieURMuZrIOGvZGuDeI97B1d5Ilbo7a/5ecSM="},"chainType":1,"messageKeys":{}}},"pendingPreKey":{"signedKeyId":19,"baseKey":"BZsuVscZm6ubCgYk1EkRp9AIQnT8+CJ13jRuFbL6oHxY","preKeyId":14819551}}},"version":"v1"}