{"_sessions":{"Bab0fphiS2qwXcgVSHa+omVN7PNYKu9ZnoHkvpTgDEsV":{"registrationId":297030487,"currentRatchet":{"ephemeralKeyPair":{"pubKey":"BYqnW/cIo2/qkKcExv9D+4nF8BffvLjIm1BFLABudD93","privKey":"KO46SOBG3tS93cyq/OJtSUL79BpCYUjPWcH8ymB/r38="},"lastRemoteEphemeralKey":"BQFgA7Em2/rBtl4D+l513jyusIYZvp/31+9DL3+QX+4r","previousCounter":0,"rootKey":"zX2s3ztbILnubv8SCZxSZKYJY7RmKcFEnVrFXJ6WJwM="},"indexInfo":{"baseKey":"Bab0fphiS2qwXcgVSHa+omVN7PNYKu9ZnoHkvpTgDEsV","baseKeyType":1,"closed":-1,"used":1751242139645,"created":1751242139645,"remoteIdentityKey":"BdzQsNSaTL8yaDXDOJRqMVakjA2eX5ro0igFmT2L4oxR"},"_chains":{"BYqnW/cIo2/qkKcExv9D+4nF8BffvLjIm1BFLABudD93":{"chainKey":{"counter":2,"key":"t0XZloQzVZ9rRC4Le/dA2XlzmDN0SCNSzhUBF3NnIBY="},"chainType":1,"messageKeys":{}}},"pendingPreKey":{"signedKeyId":0,"baseKey":"Bab0fphiS2qwXcgVSHa+omVN7PNYKu9ZnoHkvpTgDEsV","preKeyId":7227306}}},"version":"v1"}