{"_sessions":{"BRTUOVbsblaeSGPy8w9saHR168nCck21vmVgKxZsqp5G":{"registrationId":593456191,"currentRatchet":{"ephemeralKeyPair":{"pubKey":"BY5EO22bsrDefvsHt8Igc48Tc5YjjfL7MOVJ+1HSRipN","privKey":"aMYj7hplfWW6sTWiRkvZ4b8bKW31WpTX9D6rOdBDQGo="},"lastRemoteEphemeralKey":"BRUieU1PKkE0scQc3v3buZxjIIQf9hQCO+8Metcm+IAG","previousCounter":0,"rootKey":"/NdTFDAIOLMWmo514c+lVmlFdPzPvBSR+g4hpuMb6A8="},"indexInfo":{"baseKey":"BRTUOVbsblaeSGPy8w9saHR168nCck21vmVgKxZsqp5G","baseKeyType":1,"closed":-1,"used":1751242139746,"created":1751242139746,"remoteIdentityKey":"Ba0j3wzr68cvV8/2rm8j5Te76vwPRUvi99VAw7DdJego"},"_chains":{"BY5EO22bsrDefvsHt8Igc48Tc5YjjfL7MOVJ+1HSRipN":{"chainKey":{"counter":2,"key":"IJ/9GIl0rtSx7QUrb21V2wAe71mbG3oSKEaq2IEbYIk="},"chainType":1,"messageKeys":{}}},"pendingPreKey":{"signedKeyId":7,"baseKey":"BRTUOVbsblaeSGPy8w9saHR168nCck21vmVgKxZsqp5G","preKeyId":10067773}}},"version":"v1"}