{"_sessions":{"BUS++4WH0uNwiXl/6XuyKNq+2EkdtEGUX+Sk0QAJYxE0":{"registrationId":298733,"currentRatchet":{"ephemeralKeyPair":{"pubKey":"BZqxe/u8+57c2Gq/AjtogJU4/SUTMeag9NcCMblN9g5l","privKey":"yII6Q99EJ9TKpjwsjSmvt0wa+BCIFwxzxspzvjviOnQ="},"lastRemoteEphemeralKey":"BfYo+wEMCUXArb9Uehm+EjcwwMV0tOVXp9sRUg0OiOoA","previousCounter":0,"rootKey":"6cPjnTgQUEqZ03qMuPeK7+H3IhnnGoX/+saLBfqgNI8="},"indexInfo":{"baseKey":"BUS++4WH0uNwiXl/6XuyKNq+2EkdtEGUX+Sk0QAJYxE0","baseKeyType":1,"closed":-1,"used":1751242139626,"created":1751242139626,"remoteIdentityKey":"Bbcc8/a/l4uLm3TLTXLEXNp+eNAMNK67zcr7vPFspdBF"},"_chains":{"BZqxe/u8+57c2Gq/AjtogJU4/SUTMeag9NcCMblN9g5l":{"chainKey":{"counter":2,"key":"+nFHpmW9Afk/0RXgbqWPMEFgXNJA/HbM9/7P/twabFI="},"chainType":1,"messageKeys":{}}},"pendingPreKey":{"signedKeyId":19,"baseKey":"BUS++4WH0uNwiXl/6XuyKNq+2EkdtEGUX+Sk0QAJYxE0","preKeyId":1842356}}},"version":"v1"}