{"_sessions":{"BRbbkPt67rfmoEYNjsnRmZhHh4IDAUgI62vfUYbhVJZD":{"registrationId":1001904417,"currentRatchet":{"ephemeralKeyPair":{"pubKey":"BbOM7fhaRszNXvWk1yqO/iO8qSNHJzQczK96x9o1VBVj","privKey":"GNuEeLQHT7i+K0vOvM+Kh44GThewPV554/X/TMWeW1k="},"lastRemoteEphemeralKey":"BcM4jMHk8B30+0ktwIov0474Hf3Dbf+2cYuwmRhJNRAR","previousCounter":0,"rootKey":"oPH8ZBA0MkOc+jcW9jMczJr9gOleUuJ734qlbxNM/Vs="},"indexInfo":{"baseKey":"BRbbkPt67rfmoEYNjsnRmZhHh4IDAUgI62vfUYbhVJZD","baseKeyType":1,"closed":-1,"used":1751242139689,"created":1751242139689,"remoteIdentityKey":"BfMc38opJ2K83Sib1bHK1/nFyC3yXMWdPA0WjYaNfCEV"},"_chains":{"BbOM7fhaRszNXvWk1yqO/iO8qSNHJzQczK96x9o1VBVj":{"chainKey":{"counter":2,"key":"+3ytA6sBaCn0Xv02HEJCOLo3QVyOtAkM3x+GE27suaI="},"chainType":1,"messageKeys":{}}},"pendingPreKey":{"signedKeyId":18,"baseKey":"BRbbkPt67rfmoEYNjsnRmZhHh4IDAUgI62vfUYbhVJZD","preKeyId":378801}}},"version":"v1"}