{"_sessions":{"BTgBgzz1+k2aesva8bDx0a99BsWspyRsSEptLK/xwPBj":{"registrationId":1572785794,"currentRatchet":{"ephemeralKeyPair":{"pubKey":"BVT4Ble8UTUetYPjb+NSXN35t9qpdfjQfqFkzLVG+skM","privKey":"oD1lutl05yZNz5QKeFS2bTwqFT9QoGm3FLe5Kosm0H0="},"lastRemoteEphemeralKey":"BSnNSrEYow6g3gkyJeeLhNm6YIo335BYV5gCVCmU7NhU","previousCounter":0,"rootKey":"2Kdj6cfxE9obmwQEmabUD9mKT8qspuGXzkeBHK7oyB0="},"indexInfo":{"baseKey":"BTgBgzz1+k2aesva8bDx0a99BsWspyRsSEptLK/xwPBj","baseKeyType":1,"closed":-1,"used":1751242139670,"created":1751242139670,"remoteIdentityKey":"BYWLCX342UZD7kUBDOZyeLsN3v4cbvDRiu6JjGcpHL4i"},"_chains":{"BVT4Ble8UTUetYPjb+NSXN35t9qpdfjQfqFkzLVG+skM":{"chainKey":{"counter":2,"key":"C/yLNUIZxy56q9E+jKrpWDN9prOIB+3w+Q1kGQRe15A="},"chainType":1,"messageKeys":{}}},"pendingPreKey":{"signedKeyId":2,"baseKey":"BTgBgzz1+k2aesva8bDx0a99BsWspyRsSEptLK/xwPBj","preKeyId":12203445}}},"version":"v1"}