{"_sessions":{"BSnVXE7DnYVfj0FXJcR3r0roQcPxZa7D/lgyiRwyiEkN":{"registrationId":201639310,"currentRatchet":{"ephemeralKeyPair":{"pubKey":"BcrLiTC/E2ZNiNPJ5F4lFOESYgzsTXDZUBhsMLtwYe5w","privKey":"MDJfcMhJ3MnHnSd/QfyB2fjre7GkzztNuGi+1rydYFM="},"lastRemoteEphemeralKey":"BYcbZFraFgMAuwSmokPfAzm+KWUBLwjaLQltT3fnJ6Yj","previousCounter":0,"rootKey":"c+Ngbk8c4JMGkVE9HiP6THjY89RVf/iMoD1OdpcZCKg="},"indexInfo":{"baseKey":"BSnVXE7DnYVfj0FXJcR3r0roQcPxZa7D/lgyiRwyiEkN","baseKeyType":1,"closed":-1,"used":1751242139595,"created":1751242139595,"remoteIdentityKey":"BSjLLZG4crSgAnY1A3x5V2QnL8jzug6s/maCn+JG9Yk5"},"_chains":{"BcrLiTC/E2ZNiNPJ5F4lFOESYgzsTXDZUBhsMLtwYe5w":{"chainKey":{"counter":2,"key":"khGQNGN8TF9dfX4jlBHo1UR8VSJgklE4QZyKECIALHU="},"chainType":1,"messageKeys":{}}},"pendingPreKey":{"signedKeyId":14083308,"baseKey":"BSnVXE7DnYVfj0FXJcR3r0roQcPxZa7D/lgyiRwyiEkN","preKeyId":6313}}},"version":"v1"}