{"_sessions":{"BWRPyFhOnGD9dxhwJnFmA3q3RgvOAwj70GL5ra9qew1A":{"registrationId":171750899,"currentRatchet":{"ephemeralKeyPair":{"pubKey":"BbOYQVB7PFZSqcIHhjk4e4z7AKllm/raf9gY5AXEkK17","privKey":"cK6pr9iMw4uboZtaDY0M1+m4rRbNlgGHbs0BMnOq7Hk="},"lastRemoteEphemeralKey":"BcsTqlj7RUi/s3XCi2hkiQpjvlBlD0WD9c7lSevktjFv","previousCounter":0,"rootKey":"V9Cg+sk7Dx1mIFc47cHzdzRV6QLyPm5UC1f6n/+LgkY="},"indexInfo":{"baseKey":"BWRPyFhOnGD9dxhwJnFmA3q3RgvOAwj70GL5ra9qew1A","baseKeyType":1,"closed":-1,"used":1751242139709,"created":1751242139709,"remoteIdentityKey":"BX1R5ySpGmtwrU6QTuOp50I1BL6ulh+h4oatZR2b8H9g"},"_chains":{"BbOYQVB7PFZSqcIHhjk4e4z7AKllm/raf9gY5AXEkK17":{"chainKey":{"counter":2,"key":"NeXVUZi0MuGtF6GbYvq3TQJAeT4MjVt2l7BD4vpOB5o="},"chainType":1,"messageKeys":{}}},"pendingPreKey":{"signedKeyId":12,"baseKey":"BWRPyFhOnGD9dxhwJnFmA3q3RgvOAwj70GL5ra9qew1A","preKeyId":5591564}}},"version":"v1"}