{"_sessions":{"BXJnQFwcgfE5sAfJqjDm15ARngls9J5xRzDNGcLYfYZJ":{"registrationId":870584606,"currentRatchet":{"ephemeralKeyPair":{"pubKey":"BVeP7PBXvcqfaRdHaA2GwnnDAP+RbUmBIHByIth7z2tG","privKey":"EMUt3FQ5djwKznvDjMIfpicDfGdqiEY0BRYHKd7YZV4="},"lastRemoteEphemeralKey":"BUwVKB3fZZPoHcVwOe/LBjbWCdUgOTAJt7IYpuNbaYsm","previousCounter":0,"rootKey":"BEdHyUcDm3osq3awTcwM+HXc7RvFWHEBaco5r8g8yZU="},"indexInfo":{"baseKey":"BXJnQFwcgfE5sAfJqjDm15ARngls9J5xRzDNGcLYfYZJ","baseKeyType":1,"closed":-1,"used":1751242139568,"created":1751242139568,"remoteIdentityKey":"BY8LdYgcqgWlKlF0FEkgTC/+uhVbWuoruzu2UNLWqVp+"},"_chains":{"BVeP7PBXvcqfaRdHaA2GwnnDAP+RbUmBIHByIth7z2tG":{"chainKey":{"counter":2,"key":"CuwqA5GxfUtXe6XkRuJc06Llr/WI3TvUBxHh/aXxHaw="},"chainType":1,"messageKeys":{}}},"pendingPreKey":{"signedKeyId":0,"baseKey":"BXJnQFwcgfE5sAfJqjDm15ARngls9J5xRzDNGcLYfYZJ","preKeyId":2975263}}},"version":"v1"}