{"_sessions":{"BdPLXVtwrnTAomK8qLJbWMzcwB6eRfvJ83DKVpzUGrps":{"registrationId":1159425629,"currentRatchet":{"ephemeralKeyPair":{"pubKey":"BQsUwCnXRCCg+YqZwmAtXmg0FrKYsse8uqX0YChfC5Q8","privKey":"MJpdmmdPvEwdLFYz88cSBOkabpGQkEFT6VHxshoZt1g="},"lastRemoteEphemeralKey":"BbsMH+uZH2CHvqk3WKwXO9JMRa8lq1uem8Mqw3iKFAkD","previousCounter":0,"rootKey":"+0WB0e5oifxI/cVmtsDJYUg45fq/YxkV8INUhmbgRbo="},"indexInfo":{"baseKey":"BdPLXVtwrnTAomK8qLJbWMzcwB6eRfvJ83DKVpzUGrps","baseKeyType":1,"closed":-1,"used":1751242139767,"created":1751242139767,"remoteIdentityKey":"BXaWMkGX1kOggYIYCOmBN9NWdIoWrploJ+hNfsj32Sd6"},"_chains":{"BQsUwCnXRCCg+YqZwmAtXmg0FrKYsse8uqX0YChfC5Q8":{"chainKey":{"counter":2,"key":"KVaaNHGdllHwMgIRfaZ0NkOb6bMafUs4hARGCKnFy6k="},"chainType":1,"messageKeys":{}}},"pendingPreKey":{"signedKeyId":7,"baseKey":"BdPLXVtwrnTAomK8qLJbWMzcwB6eRfvJ83DKVpzUGrps","preKeyId":1496410}}},"version":"v1"}