{"_sessions":{"BdZqZlsz8yv5Yv+ppM6DBRmmnriwT0xo2qQq1pIxLQ5Q":{"registrationId":1901684448,"currentRatchet":{"ephemeralKeyPair":{"pubKey":"BZIdsR0f1Hu9jxZ0TphX4QCNOBHRupZFbfo99t4useAM","privKey":"wMiW/8N2WHIcrJRfsovC7eRWyAkDbrpcIYXS9a8OdnE="},"lastRemoteEphemeralKey":"BXZ2R5rXuujp7EFWMBC8wYHu9duVwcGynTT8Cfyzgsxq","previousCounter":0,"rootKey":"XZrc3a6wW3JErl9jx1PQI6ZLk8w2OVJU9pGmCIcYOjw="},"indexInfo":{"baseKey":"BdZqZlsz8yv5Yv+ppM6DBRmmnriwT0xo2qQq1pIxLQ5Q","baseKeyType":1,"closed":-1,"used":1751242139683,"created":1751242139683,"remoteIdentityKey":"BYRPs8sedc+v5j9xUc/VMqgMr6QRf65XdVvdyV872Joo"},"_chains":{"BZIdsR0f1Hu9jxZ0TphX4QCNOBHRupZFbfo99t4useAM":{"chainKey":{"counter":2,"key":"MQbp/bteL0+TzqTX1jRCypzv3unR/m5iXCJ4cjU4p50="},"chainType":1,"messageKeys":{}}},"pendingPreKey":{"signedKeyId":5,"baseKey":"BdZqZlsz8yv5Yv+ppM6DBRmmnriwT0xo2qQq1pIxLQ5Q","preKeyId":8318331}}},"version":"v1"}