{"_sessions":{"BSa2WB7+qmGQXa4wYUwHtEGPhQQki/N153U6tWaVMstp":{"registrationId":1916146296,"currentRatchet":{"ephemeralKeyPair":{"pubKey":"BUC9FR5RW4c6ORYJ4gqFd2c83WzQ1BbHlTzoW6Hm4P4m","privKey":"mJkecRDRYDlIpohJhjibbN978NXLa4YyEm3PWb4QtG0="},"lastRemoteEphemeralKey":"BXeCf00Nx6/UR2BWw2xEeidNn7/DGuOYm/OMLyheQQJ5","previousCounter":0,"rootKey":"2DwEYJ1x3jZEAGIaaU2XgbP+mRlEsl9TGOyyjMJnEoA="},"indexInfo":{"baseKey":"BSa2WB7+qmGQXa4wYUwHtEGPhQQki/N153U6tWaVMstp","baseKeyType":1,"closed":-1,"used":1751242139607,"created":1751242139607,"remoteIdentityKey":"BXGovHobY+Fr/rg2Y46toIuRJYXJlMdpZwzKvvVbSGwZ"},"_chains":{"BUC9FR5RW4c6ORYJ4gqFd2c83WzQ1BbHlTzoW6Hm4P4m":{"chainKey":{"counter":2,"key":"hbpXW31F77BVjFrpmwCw3RLOSH3+fKZDeruewad4HUo="},"chainType":1,"messageKeys":{}}},"pendingPreKey":{"signedKeyId":5,"baseKey":"BSa2WB7+qmGQXa4wYUwHtEGPhQQki/N153U6tWaVMstp","preKeyId":12801258}}},"version":"v1"}