{"_sessions":{"BS+/jdSXZihlVBuw6obpbUpT+yuHIZks/CQWnR4LYaIA":{"registrationId":287562643,"currentRatchet":{"ephemeralKeyPair":{"pubKey":"BVSRIlSYzIJwZHdwilkmJu9osURUdb3Y5smuxNVln4Rp","privKey":"YJcJatES853wnLcqE2lSq8BGgOPG7H+tao/6N7ajvnI="},"lastRemoteEphemeralKey":"BSucM12uEkTJMluTPWYvZxucLgqhMqdbI+AdIaeQT0kO","previousCounter":0,"rootKey":"rxlwL/bTcTKCi5SFUmUd6m9ieZ5kE2sgLkIuuo178qw="},"indexInfo":{"baseKey":"BS+/jdSXZihlVBuw6obpbUpT+yuHIZks/CQWnR4LYaIA","baseKeyType":1,"closed":-1,"used":1751242139715,"created":1751242139715,"remoteIdentityKey":"BaeeXF5XGUakRnrhYilErLYq4N72v7Y/9pbeNfwo25V6"},"_chains":{"BVSRIlSYzIJwZHdwilkmJu9osURUdb3Y5smuxNVln4Rp":{"chainKey":{"counter":2,"key":"B6YDDsf6xMqj7KjE3UwBnWvPjYFBim8Zd/LWHRiFfNc="},"chainType":1,"messageKeys":{}}},"pendingPreKey":{"signedKeyId":4,"baseKey":"BS+/jdSXZihlVBuw6obpbUpT+yuHIZks/CQWnR4LYaIA","preKeyId":2797635}}},"version":"v1"}