{"_sessions":{"BXwshtPCOlfYus0aoZ84ikaQrYDApsTTYSo8D/LktycH":{"registrationId":1342492716,"currentRatchet":{"ephemeralKeyPair":{"pubKey":"BQwXjS5GCJT/yz1gDbNvk3bIC95bYs0gKQZOwxDNiLBe","privKey":"qOhRl8Bzp1Q429Y6lrx7TPglTWY9D+1sGh5dLfwzKHM="},"lastRemoteEphemeralKey":"BfFiJPbNYYsWVxtCutv6ZKTsNrzLl+yAwiy39zXsuAA3","previousCounter":0,"rootKey":"iZ6VdSPPZcYjHhZVXUxusmG0iqhP6iUfdovIn098d+g="},"indexInfo":{"baseKey":"BXwshtPCOlfYus0aoZ84ikaQrYDApsTTYSo8D/LktycH","baseKeyType":1,"closed":-1,"used":1751242139773,"created":1751242139773,"remoteIdentityKey":"BXqwvK/mNYSuVLPLVsES4RcxKhPq/Lh0hq954d8G4WgJ"},"_chains":{"BQwXjS5GCJT/yz1gDbNvk3bIC95bYs0gKQZOwxDNiLBe":{"chainKey":{"counter":2,"key":"vfGtbD/d1yREaObb2yDFk9vAwKieTwIGnLjTtbXq0vY="},"chainType":1,"messageKeys":{}}},"pendingPreKey":{"signedKeyId":2,"baseKey":"BXwshtPCOlfYus0aoZ84ikaQrYDApsTTYSo8D/LktycH","preKeyId":1426117}}},"version":"v1"}