{"_sessions":{"BStZuaEabmJIzYxnPogj4z4ousJRag5Y0xP2ULpoVMkH":{"registrationId":1682298224,"currentRatchet":{"ephemeralKeyPair":{"pubKey":"BTFyLoIhko+4sH9LegivkIcYvxTLQ/3+ae5lIXxkGjsO","privKey":"SMgI+BW5Qd/sq6uBvzYMMgBgSQ2MCSjeDKolLuHXmmQ="},"lastRemoteEphemeralKey":"BSwYFOkMjrsbvYSSxTcXB/aAe+nrs5J83MRUFGMBgZ5v","previousCounter":0,"rootKey":"dyPXd0R9z0v3KfsITjH0E7LFS4QYdJgIhdzJ7A585SE="},"indexInfo":{"baseKey":"BStZuaEabmJIzYxnPogj4z4ousJRag5Y0xP2ULpoVMkH","baseKeyType":1,"closed":-1,"used":1751242139582,"created":1751242139582,"remoteIdentityKey":"BQgUTwmiletGCqkgBk6V6fyU5jEqd6udBUrsge3SFIED"},"_chains":{"BTFyLoIhko+4sH9LegivkIcYvxTLQ/3+ae5lIXxkGjsO":{"chainKey":{"counter":2,"key":"I3QpXz1fBAgYhMlaavIvjjSFFeHqjjbmj/yX7T0wLgk="},"chainType":1,"messageKeys":{}}},"pendingPreKey":{"signedKeyId":2,"baseKey":"BStZuaEabmJIzYxnPogj4z4ousJRag5Y0xP2ULpoVMkH","preKeyId":3832103}}},"version":"v1"}