{"_sessions":{"BVOs7+HdRamodu80akia9SCMOILpY/TkBN1Z/XOsKIUJ":{"registrationId":1948346759,"currentRatchet":{"ephemeralKeyPair":{"pubKey":"BcPFJ0ZYGl2PxiDkBTExDFiKAa0WdO4RVRfvbIMpunld","privKey":"gPgD2qlGH5FE2+YnOm/cKj0BrXISIGNGG9iX2FxP4Uo="},"lastRemoteEphemeralKey":"BQ2ZrSZKQ4xnOI/S72XZ9FdvCB1HmwrFvu/xipx7qk1D","previousCounter":0,"rootKey":"4QIODyRugfIgx8u/bnfBQiFwaU6E2EbfpFoPmaJbevs="},"indexInfo":{"baseKey":"BVOs7+HdRamodu80akia9SCMOILpY/TkBN1Z/XOsKIUJ","baseKeyType":1,"closed":-1,"used":1751242139804,"created":1751242139804,"remoteIdentityKey":"BXUN5ps+h2Ga5zziqCvnwSy7ssonYFjGaocCVVfqqBQa"},"_chains":{"BcPFJ0ZYGl2PxiDkBTExDFiKAa0WdO4RVRfvbIMpunld":{"chainKey":{"counter":2,"key":"oBxfHBMHSYzdcSiM7QKCkIq2pBAhiaEDC+uxpusIZnA="},"chainType":1,"messageKeys":{}}},"pendingPreKey":{"signedKeyId":4,"baseKey":"BVOs7+HdRamodu80akia9SCMOILpY/TkBN1Z/XOsKIUJ","preKeyId":10416256}}},"version":"v1"}