{"_sessions":{"BTrVyOfhYUwe85RvhYoZSrZN89PWJpj9wMOvowllWYxW":{"registrationId":1277670025,"currentRatchet":{"ephemeralKeyPair":{"pubKey":"BX7GQqIczbXcO588wAY+IXHpFbCeiDyX6PKdOr/Rjvxk","privKey":"YKY/rWSAzAmybwbJ3S6+w9uqU7i2NPGwpSbH00tk4U0="},"lastRemoteEphemeralKey":"BR2BG8PZS3q2gDTP6kfxn07KifAMJvM1UsZ86sanakMT","previousCounter":0,"rootKey":"8xwmwz17/+zVP6yyDcPqTeVc4OULY/wcSHYugVoR6lI="},"indexInfo":{"baseKey":"BTrVyOfhYUwe85RvhYoZSrZN89PWJpj9wMOvowllWYxW","baseKeyType":1,"closed":-1,"used":1751242139639,"created":1751242139639,"remoteIdentityKey":"BeZp+VylpCa6GoWIziUP0Oe6bXa4FbD3dP6RWoFY0GRR"},"_chains":{"BX7GQqIczbXcO588wAY+IXHpFbCeiDyX6PKdOr/Rjvxk":{"chainKey":{"counter":2,"key":"io6PiXrdpsgEv8RG7RXkA+9ocDJ+bMnxxGYvuWX5KQY="},"chainType":1,"messageKeys":{}}},"pendingPreKey":{"signedKeyId":7,"baseKey":"BTrVyOfhYUwe85RvhYoZSrZN89PWJpj9wMOvowllWYxW","preKeyId":15892187}}},"version":"v1"}