{"_sessions":{"BSPzCYwu6OU0Zt7MQyiRiHyjAy9aTwl7egE4kYneqlhZ":{"registrationId":1325182321,"currentRatchet":{"ephemeralKeyPair":{"pubKey":"BXsvrvb9sejIpHLVefPGSCqEvpoFMI7glbaSQCO14dtU","privKey":"aGi5MVZhKOb2WwfENmulOSXXWfS5/kbWKxz6uwVk93M="},"lastRemoteEphemeralKey":"BZ2B/Ogujf3D0W+bJ1KU1/QCJMogD0MMQlebH0X3NMNf","previousCounter":0,"rootKey":"FXPfTbq3pZOhphZjwD1GVW53moH4nbURGyqyFko8JrE="},"indexInfo":{"baseKey":"BSPzCYwu6OU0Zt7MQyiRiHyjAy9aTwl7egE4kYneqlhZ","baseKeyType":1,"closed":-1,"used":1751242139651,"created":1751242139651,"remoteIdentityKey":"BVb5Lq17mkNO6TSX6M7htwAx87/EON5yJ+NDmPPmK0RO"},"_chains":{"BXsvrvb9sejIpHLVefPGSCqEvpoFMI7glbaSQCO14dtU":{"chainKey":{"counter":2,"key":"/Hd8V7HgeqvpKvsqWjCpCW4R8Zrgwk4mF4JNcFLp+KI="},"chainType":1,"messageKeys":{}}},"pendingPreKey":{"signedKeyId":0,"baseKey":"BSPzCYwu6OU0Zt7MQyiRiHyjAy9aTwl7egE4kYneqlhZ","preKeyId":69804}}},"version":"v1"}