{"_sessions":{"BTlZq4iL40/Xd9UQrFRSxc9sghN43FKhr/5zO7XB6bZ4":{"registrationId":14195,"currentRatchet":{"ephemeralKeyPair":{"pubKey":"BZ+IQqfoeZBJTj553xrgdb777orcNrw8J4oSVD/vsJgu","privKey":"qDVxoC+AHDWcAFq3xbXJg1AQQvUWo48leMgmzCni0HA="},"lastRemoteEphemeralKey":"Bf1u/xkrbXYA+noaRk6lu/DWf7od4O/IQH+1yYP+m2Qv","previousCounter":0,"rootKey":"8UQbkFN+fdgl0VbE0UTkMsZx8Gr4LZiB9bIFfoRI4Sw="},"indexInfo":{"baseKey":"BTlZq4iL40/Xd9UQrFRSxc9sghN43FKhr/5zO7XB6bZ4","baseKeyType":1,"closed":-1,"used":1751242139588,"created":1751242139588,"remoteIdentityKey":"BfprXff7MNrg5q1Wg26aBzJ6aTkVe4390MO7Uj8baVkd"},"_chains":{"BZ+IQqfoeZBJTj553xrgdb777orcNrw8J4oSVD/vsJgu":{"chainKey":{"counter":2,"key":"wNqwuHWVme494rRsqAfJmJwIDZMPgEuwy5fQqdIC+f4="},"chainType":1,"messageKeys":{}}},"pendingPreKey":{"signedKeyId":1,"baseKey":"BTlZq4iL40/Xd9UQrFRSxc9sghN43FKhr/5zO7XB6bZ4","preKeyId":170}}},"version":"v1"}