{"_sessions":{"BcABHeLiGINSSELbgxwvuQAUK4Yk9au8aXH8T2l3Hywh":{"registrationId":665275231,"currentRatchet":{"ephemeralKeyPair":{"pubKey":"BZ+Ya0lzi3JxgALTe2U3S3jF0jgKH1qyW/3W12OgvsVm","privKey":"+DuYo8t11ynd92tM/BYF7CE4bb/JSdxlCWKNtWV0cXM="},"lastRemoteEphemeralKey":"BRkBBEULgnfvgzRxIjsIFDUCm7aKFDO8FqABm1OjQ9Bd","previousCounter":0,"rootKey":"LDyE/VH5549V9nXarbtqDyQUr8/DTtIr2hl32w+aOS4="},"indexInfo":{"baseKey":"BcABHeLiGINSSELbgxwvuQAUK4Yk9au8aXH8T2l3Hywh","baseKeyType":1,"closed":-1,"used":1751242139601,"created":1751242139601,"remoteIdentityKey":"BTSmCL1r2uq7ul99BKE0ymDqKu+xaxqyA7SZmUqpKyoz"},"_chains":{"BZ+Ya0lzi3JxgALTe2U3S3jF0jgKH1qyW/3W12OgvsVm":{"chainKey":{"counter":2,"key":"Z0tw/J+aGEgydq+ik7m1BEfo4+EUNjvTcB45D9Pfon8="},"chainType":1,"messageKeys":{}}},"pendingPreKey":{"signedKeyId":9,"baseKey":"BcABHeLiGINSSELbgxwvuQAUK4Yk9au8aXH8T2l3Hywh","preKeyId":12877085}}},"version":"v1"}