{"_sessions":{"BY9pV3Yx9exeBzLhFGLIbOlawP8PEOVda2L1dFftcBQI":{"registrationId":2260,"currentRatchet":{"ephemeralKeyPair":{"pubKey":"BX6mG9FoRlDPAG8OBmKRWTtXncIXT4Ea80Eosjw/RgxQ","privKey":"gHkigEQZb0HwdGrPphlHKe1xOQYkhloG64bu9hgw40E="},"lastRemoteEphemeralKey":"Baywufa/hH8GhLpBVuLp3Iqg8e6l71xpHAljXULnWLMC","previousCounter":0,"rootKey":"Llt9hil6H6G1QfanPRAUoX0TmUtWLoAeU6S9ZsMMhaM="},"indexInfo":{"baseKey":"BY9pV3Yx9exeBzLhFGLIbOlawP8PEOVda2L1dFftcBQI","baseKeyType":1,"closed":-1,"used":1751242139561,"created":1751242139561,"remoteIdentityKey":"BS2RDwM2WIlFIvnNBu8OJcxP2IBj+3vVxrpt1bqR6Dkz"},"_chains":{"BX6mG9FoRlDPAG8OBmKRWTtXncIXT4Ea80Eosjw/RgxQ":{"chainKey":{"counter":2,"key":"AcGLU73z88yW2xszBM8cCtKI6Br4YEZRqp8zejyrYLI="},"chainType":1,"messageKeys":{}}},"pendingPreKey":{"signedKeyId":2,"baseKey":"BY9pV3Yx9exeBzLhFGLIbOlawP8PEOVda2L1dFftcBQI","preKeyId":97}}},"version":"v1"}