{"_sessions":{"Bc+Y3Poyg0CdhbPH5BKw6zU/JdbBrZLek3g5pdQYwIAV":{"registrationId":2060015487,"currentRatchet":{"ephemeralKeyPair":{"pubKey":"BRdyZhiu47AsnZI6Cf9dt4C9MlsikVseoHUlp5Togpoa","privKey":"8Co5ASYr1sjnxQXaULGpb8EKQTU9yWJ3jjvoxAohLlU="},"lastRemoteEphemeralKey":"BSY40InCp5FRkrN6foRPiU7R809sPPLQt/JLfSs8AMZL","previousCounter":0,"rootKey":"8zHQ03qCL1ezDFAWOFNUVcwipKOGFwNAJ1vxVilHjUk="},"indexInfo":{"baseKey":"Bc+Y3Poyg0CdhbPH5BKw6zU/JdbBrZLek3g5pdQYwIAV","baseKeyType":1,"closed":-1,"used":1751242139696,"created":1751242139696,"remoteIdentityKey":"BTcO0IOTmwRZoRFSQs/FdsTFIAy44syL8sAy3i9tQ594"},"_chains":{"BRdyZhiu47AsnZI6Cf9dt4C9MlsikVseoHUlp5Togpoa":{"chainKey":{"counter":2,"key":"t9gTjeOe5BfZosIN3PMKPDM7qYVBlYCeF5U6GH7pvQ0="},"chainType":1,"messageKeys":{}}},"pendingPreKey":{"signedKeyId":2,"baseKey":"Bc+Y3Poyg0CdhbPH5BKw6zU/JdbBrZLek3g5pdQYwIAV","preKeyId":14673907}}},"version":"v1"}