{"_sessions":{"BXmGHL9fWsVetlD7m8txGmQM04GKlqMYn493Nfwfts4S":{"registrationId":1500629649,"currentRatchet":{"ephemeralKeyPair":{"pubKey":"BVT4afWkoduqBe3akdttM8xcU4gUSTr8j0uOuJ6KQbJU","privKey":"sD9QpN7T9EcLVWr7rEx+wvVX3ymnb4vybSNrU2TI+0Q="},"lastRemoteEphemeralKey":"BczKjvGSWifCcsyy5Sh1Ui7Ln+DfgebGy6kZveFWw6gi","previousCounter":0,"rootKey":"8r3zdlDpgYhy+dTUOO6tSSV1wOB4rM4msRrSvfh7FAs="},"indexInfo":{"baseKey":"BXmGHL9fWsVetlD7m8txGmQM04GKlqMYn493Nfwfts4S","baseKeyType":1,"closed":-1,"used":1751242139677,"created":1751242139677,"remoteIdentityKey":"BePsl/bwhTUwNt7kpRscpj/eb13UNCPwA8ssumJl68Iy"},"_chains":{"BVT4afWkoduqBe3akdttM8xcU4gUSTr8j0uOuJ6KQbJU":{"chainKey":{"counter":2,"key":"uCKatQ0/mnKyn2pyAXc5s0GQu87Csmf1khCA3y84HIU="},"chainType":1,"messageKeys":{}}},"pendingPreKey":{"signedKeyId":5,"baseKey":"BXmGHL9fWsVetlD7m8txGmQM04GKlqMYn493Nfwfts4S","preKeyId":1980922}}},"version":"v1"}