{"_sessions":{"BdZf6UTfSA+LPlSjeX68AWGzJLSw6mRgtgjduTWk0SNy":{"registrationId":657309745,"currentRatchet":{"ephemeralKeyPair":{"pubKey":"Bc4mYvFhR5Rs4Sa1ABuCUHPXB56xxIX/ZsZrZZpGJvQJ","privKey":"yBt2kSA03YQ5p/RAfJmhMphUMEfIGlhshkR8pt0ZXkI="},"lastRemoteEphemeralKey":"BVVnlDkbZWd4Kx0z4UBCU7qcQ8UdIbRQ1GJYnNUo5pVH","previousCounter":0,"rootKey":"i9GaOz9KdQg3VtGg3C8bSkrjUvV0kdJm4h5MLRbkp2w="},"indexInfo":{"baseKey":"BdZf6UTfSA+LPlSjeX68AWGzJLSw6mRgtgjduTWk0SNy","baseKeyType":1,"closed":-1,"used":1751242139620,"created":1751242139620,"remoteIdentityKey":"BSsQDu92PkCCIUdwqhPkSyfWobEuwzMAvrm1GX4rDxJP"},"_chains":{"Bc4mYvFhR5Rs4Sa1ABuCUHPXB56xxIX/ZsZrZZpGJvQJ":{"chainKey":{"counter":2,"key":"Dq3LRinKIZ4b5ktShmhV0MbovQnxbrBeMv6oDjvCKmo="},"chainType":1,"messageKeys":{}}},"pendingPreKey":{"signedKeyId":7,"baseKey":"BdZf6UTfSA+LPlSjeX68AWGzJLSw6mRgtgjduTWk0SNy","preKeyId":11495877}}},"version":"v1"}