{"_sessions":{"BUfF4uxHL7/S1J5/vG6gbuis3u7Xg8b9Dvy/+lh3uYFa":{"registrationId":1720081859,"currentRatchet":{"ephemeralKeyPair":{"pubKey":"BaK3ZCM+FBF/J35xxvlNGwtehy2yth8157aeOHMBDGRH","privKey":"eChfd2w0Ey+C933HS4DBYGW+Y+zd7/j83dhy5LuOnEQ="},"lastRemoteEphemeralKey":"BTCLq+BlfHanxy6/y2FsVc1v8ZtgsjuBCb9ag4h7KpRF","previousCounter":0,"rootKey":"I+fu8h1Yj7G8773cbqaKdDni1b8dF/qYGsRv6ivBn8Q="},"indexInfo":{"baseKey":"BUfF4uxHL7/S1J5/vG6gbuis3u7Xg8b9Dvy/+lh3uYFa","baseKeyType":1,"closed":-1,"used":1751242139657,"created":1751242139657,"remoteIdentityKey":"BZ2nxNnGVOleghk/FNp+XGxIfLd3wbDh1EgdithawcRN"},"_chains":{"BaK3ZCM+FBF/J35xxvlNGwtehy2yth8157aeOHMBDGRH":{"chainKey":{"counter":2,"key":"6H1YmdJx03MZhvzm+frn21GR5tR1++omT762ntRUFS4="},"chainType":1,"messageKeys":{}}},"pendingPreKey":{"signedKeyId":11,"baseKey":"BUfF4uxHL7/S1J5/vG6gbuis3u7Xg8b9Dvy/+lh3uYFa","preKeyId":1226034}}},"version":"v1"}