{"_sessions":{"Bbu7E5SMiDtxFkTh7yutIoVAGLyjbTRaHp5DouyLXtRg":{"registrationId":810411620,"currentRatchet":{"ephemeralKeyPair":{"pubKey":"BU1Rxaldw8La4MDJKgKWEYzkME6cNunPpslwbXNwcMpg","privKey":"0BLfRnzcfdkFXG2z7M3JMPk3xbtUP9SfE0+GhZ4tI08="},"lastRemoteEphemeralKey":"BT9+ZQcvsUzwQ3LyBg6BnPNY3r8ZWEi2t6iFs3etP3Ro","previousCounter":0,"rootKey":"df4SBbXDgEbBlHnVR3U8ZM3IbC+wp+IVALi2o8Mo9oQ="},"indexInfo":{"baseKey":"Bbu7E5SMiDtxFkTh7yutIoVAGLyjbTRaHp5DouyLXtRg","baseKeyType":1,"closed":-1,"used":1751242139797,"created":1751242139797,"remoteIdentityKey":"BVG0hlm5S1ltN9DR6H/mFdYkbkOR1fneoc9o7O8FyNVH"},"_chains":{"BU1Rxaldw8La4MDJKgKWEYzkME6cNunPpslwbXNwcMpg":{"chainKey":{"counter":2,"key":"TBLrqKVSkYIUN9J3jhp3XQre53y7eoSVuMHnf+nN5nk="},"chainType":1,"messageKeys":{}}},"pendingPreKey":{"signedKeyId":1,"baseKey":"Bbu7E5SMiDtxFkTh7yutIoVAGLyjbTRaHp5DouyLXtRg","preKeyId":16672218}}},"version":"v1"}