{"_sessions":{"BaueGSt4JxpDWdqexgsUG9b1sdRWLKA+3NO2Bvp9kUdI":{"registrationId":201,"currentRatchet":{"ephemeralKeyPair":{"pubKey":"BVXEDFC0IQvQmr97YM+1qJ+w4nBynYNEz+wn3EliDyIZ","privKey":"2GA4m81Nl24UNQ7OCa5D5k0gG9fpCAAOdQnfrBVtO0c="},"lastRemoteEphemeralKey":"BSefEpBGg21i4enPfi/hBJfmSxsi4G4mt0AECqR5+f53","previousCounter":0,"rootKey":"cfpa7D+8o0pdh/ACL0dKFu5xRKsRWkWS+MDhNrgwglc="},"indexInfo":{"baseKey":"BaueGSt4JxpDWdqexgsUG9b1sdRWLKA+3NO2Bvp9kUdI","baseKeyType":1,"closed":-1,"used":1751242126211,"created":1751242126211,"remoteIdentityKey":"BavpPq8BmXar/uVd1298ofW/ZbhIJ/CfN/zFTq+Vv2Fm"},"_chains":{"BVXEDFC0IQvQmr97YM+1qJ+w4nBynYNEz+wn3EliDyIZ":{"chainKey":{"counter":7,"key":"LjIDxUNB76cjBIgEER+NR7uZ6xQJwKV+YpnPvefFTWs="},"chainType":1,"messageKeys":{}}},"pendingPreKey":{"signedKeyId":1,"baseKey":"BaueGSt4JxpDWdqexgsUG9b1sdRWLKA+3NO2Bvp9kUdI"}}},"version":"v1"}