{"_sessions":{"BYwkNsnLcJEoR7Oz3TAPM617LFdkImWmxX6R8QJJoKcG":{"registrationId":690770874,"currentRatchet":{"ephemeralKeyPair":{"pubKey":"BQbTA/flmOxvKR8R2IEyt2cs+M18hMv3dpFrWe8omaJX","privKey":"0G6nPniFuWwLyuPqDj5Dt8DiLh/VVpDAPIuLHCcI7ms="},"lastRemoteEphemeralKey":"BfhteuRC0NI04LVcursXP4Bac2szyPUBQYHTJSUWx/Vq","previousCounter":0,"rootKey":"60RiXTIOFN4wGGgk4omH1jU7eYIzaq5gvaND/7aYPR8="},"indexInfo":{"baseKey":"BYwkNsnLcJEoR7Oz3TAPM617LFdkImWmxX6R8QJJoKcG","baseKeyType":1,"closed":-1,"used":1751242139574,"created":1751242139574,"remoteIdentityKey":"BW9S6Flmgf+Oo8WFjuVoQWYgVqMlUGz0a5WcQ1ow9I5P"},"_chains":{"BQbTA/flmOxvKR8R2IEyt2cs+M18hMv3dpFrWe8omaJX":{"chainKey":{"counter":2,"key":"CA73CNwsjTdTCAidPZety3dTBU2kx2YyaU2n8yXX8ao="},"chainType":1,"messageKeys":{}}},"pendingPreKey":{"signedKeyId":1,"baseKey":"BYwkNsnLcJEoR7Oz3TAPM617LFdkImWmxX6R8QJJoKcG","preKeyId":1}}},"version":"v1"}