{"_sessions":{"BZZarCSfVrFDcNuTE4Yq8vc3dRtwvtmtRRXpcYZSiMAy":{"registrationId":1559520757,"currentRatchet":{"ephemeralKeyPair":{"pubKey":"BZyshKmRlBKvdemtLJ4ysqaPcCcFq2MTogne5V5taWkg","privKey":"wIapE5BxA1jMqFKRWXJL+4FCdez+17sttbBWNrg/YF4="},"lastRemoteEphemeralKey":"BWdKGBnEu1Amgw+eVBKwAARwbv0OfBi3eb+OwvOwn8RN","previousCounter":2,"rootKey":"S3uUhn7iZobxtBcGh0ppKdE8j8Fl53cePm1MaGRtXmc="},"indexInfo":{"baseKey":"BZZarCSfVrFDcNuTE4Yq8vc3dRtwvtmtRRXpcYZSiMAy","baseKeyType":1,"closed":-1,"used":1751242338752,"created":1751242126218,"remoteIdentityKey":"BQ+0bFloA5qLyoi764wqMbT61whD698OOpYIEHacP6l0"},"_chains":{"BdZWF6EyxV1SYA9grCBSOi4lh5kNReSjnwRXHEgZB3YV":{"chainKey":{"counter":0},"chainType":2,"messageKeys":{}},"BScQc3tFRHeWrStIUPTEUKEri7++NvZiyvvzRhMSesVS":{"chainKey":{"counter":0},"chainType":2,"messageKeys":{}},"BWdKGBnEu1Amgw+eVBKwAARwbv0OfBi3eb+OwvOwn8RN":{"chainKey":{"counter":0,"key":"uVIpetCC+GD32ligsqD1qXLczG8Q4XmSdXq9ca0nnts="},"chainType":2,"messageKeys":{}},"BZyshKmRlBKvdemtLJ4ysqaPcCcFq2MTogne5V5taWkg":{"chainKey":{"counter":3,"key":"HK+yTpgI5A7b8+gmzg6TXm6BM8iileyUMhpnkFUo9D8="},"chainType":1,"messageKeys":{}}}}},"version":"v1"}