{"_sessions":{"Bc+h439SlXs2TDNfxJ8aV6JEGfb5UIDCVTdmwr8K6gAR":{"registrationId":1229949770,"currentRatchet":{"ephemeralKeyPair":{"pubKey":"BS8lrWHAvMSycBLk2iNK2HZT9P2ydPDIhp3h41R32Uxb","privKey":"SBvAqI/UYKFoW8orm16FcSHhT+6bQ6hvGvifrY8O6nk="},"lastRemoteEphemeralKey":"BVu+Xe7QtCRLeZwhnvrpK4x6x6rsFmwfIreU1CX4MbZG","previousCounter":0,"rootKey":"J82ASGZcjuwIWkEq94vl0kHm2S7dcPPI7Dwvgl+1lds="},"indexInfo":{"baseKey":"Bc+h439SlXs2TDNfxJ8aV6JEGfb5UIDCVTdmwr8K6gAR","baseKeyType":1,"closed":-1,"used":1751242139734,"created":1751242139734,"remoteIdentityKey":"BfsQJWXmUKZ6kQ42ZZHPEAPgbY26mXeXo8zPNepmTqEF"},"_chains":{"BS8lrWHAvMSycBLk2iNK2HZT9P2ydPDIhp3h41R32Uxb":{"chainKey":{"counter":2,"key":"d0LkxnfQ1cUGwhmdq1vUUJuZG1mv0oCf7nDODa8IWkQ="},"chainType":1,"messageKeys":{}}},"pendingPreKey":{"signedKeyId":15,"baseKey":"Bc+h439SlXs2TDNfxJ8aV6JEGfb5UIDCVTdmwr8K6gAR","preKeyId":15096279}}},"version":"v1"}