{"_sessions":{"BbdofWJ8jCfjJquybO2kU6yUF25Jb6Nx2EnU5W4LdVwQ":{"registrationId":746564575,"currentRatchet":{"ephemeralKeyPair":{"pubKey":"BQH8SjMpgXpQl5cKz2Yv1ONuKThr9VwoHiloNl5JX1NI","privKey":"CLyBnGVFaERtPWKtAjo3F/LyJT2istQa50nvyOfrenk="},"lastRemoteEphemeralKey":"BdOf0fDa+0Yuk0AgP42BmBbnaw7gqY3i5otQ4H8WGzFn","previousCounter":0,"rootKey":"kJERd9DUtwoDRY3EU/Jt7QOAYdrMG1HF+pI5ASXUkPo="},"indexInfo":{"baseKey":"BbdofWJ8jCfjJquybO2kU6yUF25Jb6Nx2EnU5W4LdVwQ","baseKeyType":1,"closed":-1,"used":1751242139722,"created":1751242139722,"remoteIdentityKey":"BQ6UKlrISOXoMuUXJqEB68Y8TJlolx09/iwTwubincwH"},"_chains":{"BQH8SjMpgXpQl5cKz2Yv1ONuKThr9VwoHiloNl5JX1NI":{"chainKey":{"counter":2,"key":"kePpoIlbZcXc7yH3rS3aBYs4CYFSQIioJhKTL5A2MIo="},"chainType":1,"messageKeys":{}}},"pendingPreKey":{"signedKeyId":1491339,"baseKey":"BbdofWJ8jCfjJquybO2kU6yUF25Jb6Nx2EnU5W4LdVwQ","preKeyId":1252}}},"version":"v1"}