{"_sessions":{"BfzEVgkbmO8ucne+E9QI4xDFwoJDeInzM/FxJ/8UVz1o":{"registrationId":675044603,"currentRatchet":{"ephemeralKeyPair":{"pubKey":"Bct5Sx52QXpekPU1zxV7DKoSp9XDEw/J/LSTvT72WrQQ","privKey":"cFaIa5twsybOLDxmqj3+lRPMpJ0QTmJo8qzpOTIbQms="},"lastRemoteEphemeralKey":"BVa+Ow3GCTNtqrqThkKs6zsKeF08vaLK7emfwu/8dQQs","previousCounter":2,"rootKey":"RENF3yOTwvat1uo4SB1sIN+n9WIPnmNqBxSXeDBUaNw="},"indexInfo":{"baseKey":"BfzEVgkbmO8ucne+E9QI4xDFwoJDeInzM/FxJ/8UVz1o","baseKeyType":1,"closed":1751242140333,"used":1751242139037,"created":1751242124955,"remoteIdentityKey":"BVA0KC4eB4aUwflHKVXrRLud+NU/PBO9gyeX2gaE3loc"},"_chains":{"BVv5dkh/MQPcKuTq7S9Xl3dvEZRy3IBowq8tDwGEh2Y/":{"chainKey":{"counter":0},"chainType":2,"messageKeys":{}},"BRG+Lk+1Wuv9sjAIFokdp3Jy7YiQH9XYauFlSS5x7WI4":{"chainKey":{"counter":0},"chainType":2,"messageKeys":{}},"BVa+Ow3GCTNtqrqThkKs6zsKeF08vaLK7emfwu/8dQQs":{"chainKey":{"counter":0,"key":"IG+bW2Iddg++8Qy8DNF02j534AH5aOifAHj3W7kh6S8="},"chainType":2,"messageKeys":{}},"Bct5Sx52QXpekPU1zxV7DKoSp9XDEw/J/LSTvT72WrQQ":{"chainKey":{"counter":-1,"key":"jW3WM6mLr4vsJBBie8SXAbgeYNAU3Omx5woAJYw0/Es="},"chainType":1,"messageKeys":{}}}},"Bczr/vDQlNB+862y4KUJUNzTbjda5tmcq9XLhSqkn615":{"registrationId":675044603,"currentRatchet":{"ephemeralKeyPair":{"pubKey":"BTAlLZr2HwdYxsBkN7ORIAwqY7bGx348KPzpyqSM+OlW","privKey":"uF9nePdWMONTI7+uMQ+UmR6jd7muDYxhmq3XUWgrUlk="},"lastRemoteEphemeralKey":"BQO05PFpWy251DcBrrLLWGS6s8w2NFly5PiyIp7jVw1N","previousCounter":0,"rootKey":"A4yMe0Ipe3fxBObmNnurs/zhILOqqDIQHsL7eh1UnW8="},"indexInfo":{"baseKey":"Bczr/vDQlNB+862y4KUJUNzTbjda5tmcq9XLhSqkn615","baseKeyType":1,"closed":1751242144049,"used":1751242140331,"created":1751242140331,"remoteIdentityKey":"BVA0KC4eB4aUwflHKVXrRLud+NU/PBO9gyeX2gaE3loc"},"_chains":{"BTAlLZr2HwdYxsBkN7ORIAwqY7bGx348KPzpyqSM+OlW":{"chainKey":{"counter":-1,"key":"4PrVKVkhd3uakToFERqUpZiPvHLn6bmSO4RWuCAirWQ="},"chainType":1,"messageKeys":{}}},"pendingPreKey":{"signedKeyId":5,"baseKey":"Bczr/vDQlNB+862y4KUJUNzTbjda5tmcq9XLhSqkn615","preKeyId":10006011}},"BQnBHEdJu3iyX0dWR/RqlKev5LctNMb7hNqt/SQZaM8x":{"registrationId":675044603,"currentRatchet":{"ephemeralKeyPair":{"pubKey":"BeeTGSVaFyPiECMf8ta/+f6GCgggifQILg8bDZhsLCxY","privKey":"eE63QnMMR937pQb4uirsD4atpZetEhLVrUOG08OcFUw="},"lastRemoteEphemeralKey":"BQO05PFpWy251DcBrrLLWGS6s8w2NFly5PiyIp7jVw1N","previousCounter":0,"rootKey":"9gG74jn07f1kbkPyhtzdqqBv+XW5IZJf7w0RYJTGyKc="},"indexInfo":{"baseKey":"BQnBHEdJu3iyX0dWR/RqlKev5LctNMb7hNqt/SQZaM8x","baseKeyType":1,"closed":1751242146937,"used":1751242144047,"created":1751242144047,"remoteIdentityKey":"BVA0KC4eB4aUwflHKVXrRLud+NU/PBO9gyeX2gaE3loc"},"_chains":{"BeeTGSVaFyPiECMf8ta/+f6GCgggifQILg8bDZhsLCxY":{"chainKey":{"counter":-1,"key":"ozRIQwTTy+2i+XZOL4ODFx+XzuegEb0vmQiN22M7SB0="},"chainType":1,"messageKeys":{}}},"pendingPreKey":{"signedKeyId":5,"baseKey":"BQnBHEdJu3iyX0dWR/RqlKev5LctNMb7hNqt/SQZaM8x","preKeyId":10005617}},"BUGO9VubaBs/KjEvonxwvPjbs2O5lEtSGOT0aH8LSPon":{"registrationId":675044603,"currentRatchet":{"ephemeralKeyPair":{"pubKey":"BVm59qsH9iV52XZnioXErwl43dyI2/KowK1Et8GCk0Fj","privKey":"+KrLhOVm25PtdJOeFRKtjl6q5YP6dzN7PpA+nScRNVs="},"lastRemoteEphemeralKey":"BcpGEhJ7cNEj660li68fBefhu4tRXTXdcfRKJkMeDAVD","previousCounter":0,"rootKey":"/128ZoTnQXPePMjWoaK3splJsFZRD7M7JkYyTxcTS7w="},"indexInfo":{"baseKey":"BUGO9VubaBs/KjEvonxwvPjbs2O5lEtSGOT0aH8LSPon","baseKeyType":1,"closed":-1,"used":1751242216457,"created":1751242146935,"remoteIdentityKey":"BVA0KC4eB4aUwflHKVXrRLud+NU/PBO9gyeX2gaE3loc"},"_chains":{"BcpGEhJ7cNEj660li68fBefhu4tRXTXdcfRKJkMeDAVD":{"chainKey":{"counter":0,"key":"HdxwbQ2EAvZFKwQTqHsddNRJKyza5g90jEiahz928r0="},"chainType":2,"messageKeys":{}},"BVm59qsH9iV52XZnioXErwl43dyI2/KowK1Et8GCk0Fj":{"chainKey":{"counter":1,"key":"sdPfN5hnDqnOGSgE6R3HsOI/SE3kCi6lhwVNxnXJ0Og="},"chainType":1,"messageKeys":{}}}}},"version":"v1"}