{"_sessions":{"BXa8z/qscqjv2D+qnhBZSgwCqY0/JBzs4/yrc4evPxgQ":{"registrationId":421211494,"currentRatchet":{"ephemeralKeyPair":{"pubKey":"BXHi1NH3xG35Gf7vCDI0qT7mrHL/yBs4GAPY55airUxu","privKey":"oNBLTE2CvOq3vcfaljsxELzdByq1ujKgV+dNzU2yBUE="},"lastRemoteEphemeralKey":"BY9EIWo1AjDbsraSmpHeg+YT7laohcGPFzw6HhxDyjxu","previousCounter":0,"rootKey":"sDhqIAXgHiPnVTzaoelFqwRlca/Ohhdh6O29bIhP/Zw="},"indexInfo":{"baseKey":"BXa8z/qscqjv2D+qnhBZSgwCqY0/JBzs4/yrc4evPxgQ","baseKeyType":1,"closed":-1,"used":1751242139790,"created":1751242139790,"remoteIdentityKey":"BUGOOminiLkznPP6qOuEO54JuiE7+MtGlhH8lXrXVj1D"},"_chains":{"BXHi1NH3xG35Gf7vCDI0qT7mrHL/yBs4GAPY55airUxu":{"chainKey":{"counter":2,"key":"ZFaRZBfAcbjh7IPvLrs1traZRvG3ZZBOMBfc34EZkEU="},"chainType":1,"messageKeys":{}}},"pendingPreKey":{"signedKeyId":7,"baseKey":"BXa8z/qscqjv2D+qnhBZSgwCqY0/JBzs4/yrc4evPxgQ","preKeyId":1831572}}},"version":"v1"}